identity,num_images
2880,30
2937,30
8692,30
5805,30
9295,25
4153,30
9040,30
6369,30
3332,30
612,29
2807,25
7779,22
3785,20
7081,30
1854,30
4905,30
667,20
2464,30
2929,29
2782,25
181,5
6642,30
1,29
9290,30
7578,28
10046,23
4128,11
3670,30
3422,20
8216,28
9181,25
268,20
7600,15
1603,30
5512,30
3272,30
8744,24
4407,30
6446,29
2088,21
1058,22
5230,24
5239,30
2079,30
4125,30
6318,30
9177,30
4310,30
6817,20
1446,30
3896,30
9397,12
8443,30
4883,21
545,30
10144,30
2879,30
6204,30
6880,12
3316,30
1499,30
1539,22
3629,22
3046,29
3792,28
1175,30
5300,21
4627,20
3403,19
9289,20
5604,19
7880,25
266,20
640,7
184,21
13,22
8671,23
6625,10
3286,10
9642,19
2192,24
4385,26
5127,30
6145,30
5689,27
5578,30
5472,30
6622,20
4915,21
4876,30
7399,30
4960,30
2410,8
4262,31
6530,28
5927,29
8289,20
6746,30
4988,30
7191,22
273,30
4323,30
1946,30
5794,30
8833,30
4929,20
3325,30
4731,30
9474,13
5950,25
821,22
7256,30
6802,30
4887,31
2678,26
6938,23
9605,19
4500,10
3705,30
999,29
6892,19
7541,30
4225,30
206,29
7018,17
4963,8
59,30
167,25
7222,30
5173,30
6679,30
5609,30
2522,30
8593,20
3602,24
1278,12
5026,21
5151,30
4152,19
7624,29
5787,30
5777,21
8776,30
7147,20
3485,30
5626,25
7284,23
6568,31
860,21
4223,25
4099,30
6565,30
800,30
4269,22
5311,30
8766,20
2408,24
1435,30
6282,30
3055,30
1145,29
9490,20
260,29
4328,30
3170,28
2463,30
1028,23
2439,23
78,30
6844,30
7078,21
5189,30
4422,25
7434,22
9341,30
3798,15
4258,30
7367,30
2219,30
9476,16
1472,30
9304,8
5815,30
4979,9
2146,25
142,30
603,28
5246,30
1111,22
8198,21
2680,20
9352,25
3376,30
5564,17
2717,21
693,25
1300,21
4945,30
3298,29
8298,20
1322,30
6819,20
4811,30
3537,7
7410,20
846,29
2650,18
1817,30
6718,30
8587,20
6376,29
4503,21
4664,30
1976,22
6465,25
1364,16
4288,30
4810,29
578,29
6174,18
1735,20
449,30
1739,24
9449,18
2766,19
1643,20
614,30
3986,30
4642,21
8061,12
4231,19
2292,20
7524,30
4561,30
3808,30
4984,10
290,29
226,29
9740,19
9455,10
4686,30
509,23
5680,24
6243,18
7071,30
9213,30
608,29
6936,30
1634,30
2175,24
2018,10
5489,30
3032,20
1156,29
1204,30
6235,30
3118,30
6765,6
2645,6
1682,21
6440,30
3144,22
6636,21
6961,23
6330,30
6067,21
2136,30
4211,11
8269,10
9955,8
7359,23
2161,22
5978,29
9027,30
2764,14
1269,21
9876,16
6394,30
3449,30
323,29
3804,18
2150,30
2630,14
3175,30
1107,20
8959,14
8582,20
8441,14
1007,22
4644,18
3860,20
2249,30
7922,8
9703,29
7405,19
2049,20
8939,30
5586,19
3450,20
933,20
128,28
1093,23
430,14
969,19
6980,7
1371,30
9701,30
4605,20
9767,16
8514,30
3875,30
5870,16
1535,30
2239,30
6351,30
2030,30
7564,21
8469,30
9000,23
4819,30
690,16
6410,21
1024,14
611,19
769,27
3936,20
803,20
7177,29
2134,30
975,30
1515,16
2386,16
7539,27
2965,30
8816,24
1250,30
10010,30
2753,22
7183,28
5611,30
7115,29
7798,29
654,25
5649,16
990,20
2513,20
9886,30
3060,29
951,30
1213,30
2026,30
2713,22
3256,6
6712,20
3655,18
879,28
4150,30
4438,30
3173,25
3034,30
2297,29
6476,25
7188,21
6616,17
4496,30
6023,30
10110,24
7528,8
310,19
1456,19
6013,21
5406,21
8192,20
8741,21
587,29
5784,30
9978,22
102,20
4284,20
7019,20
2934,20
9159,15
1457,20
535,23
1533,29
9370,17
7556,29
6353,30
3203,30
8226,19
5926,17
1387,18
147,30
4400,19
2606,22
3023,29
3501,30
9672,30
3401,18
4295,15
6858,30
2953,25
3737,20
4579,5
5193,30
2081,24
7133,30
6767,20
3544,20
1035,30
155,29
5329,30
1362,30
8438,20
3625,30
10162,25
3029,30
3379,20
1345,16
9745,12
7919,9
8398,11
2063,30
6792,30
5176,30
4565,25
9123,30
6450,24
8178,18
1057,20
1148,23
8142,19
4080,30
7091,21
8196,23
5,20
7346,30
1002,25
2706,26
3240,23
7385,19
6826,18
10130,30
3027,30
7593,18
8271,29
497,23
9192,30
4991,30
1309,22
384,28
6361,30
9519,20
3958,18
8916,30
7011,20
10168,14
9047,30
5177,23
22,30
2755,23
7795,26
6618,5
1723,30
7391,21
1819,24
1984,30
8532,23
8820,30
7007,24
33,22
5236,22
5795,27
4449,25
1685,18
7503,29
165,24
4289,19
7279,20
8365,30
9712,30
2857,29
7000,22
4446,30
8800,22
3356,30
8530,11
1396,21
6212,14
9390,19
7523,16
6458,30
2997,20
2896,22
9108,22
4374,30
731,28
8237,18
412,29
1997,30
3045,25
9897,20
6280,30
3748,15
2156,30
6621,25
888,22
10069,13
6803,30
1452,25
2930,30
2129,25
10029,30
5548,7
10015,30
2818,21
6791,26
4947,22
7995,29
8346,29
9544,13
5147,30
5046,30
7915,26
10163,30
6805,20
8539,20
9252,12
7936,21
7866,30
658,28
6881,19
8802,20
1475,24
4340,23
2097,30
8087,29
7210,27
311,28
87,28
3488,21
1424,23
5359,21
4085,19
924,30
3258,8
2432,25
1253,27
2642,25
7642,14
9805,5
302,23
2897,30
8079,23
4873,22
898,24
8474,25
8666,21
4332,22
3129,30
1725,30
9448,25
2747,22
7009,25
9722,30
8364,12
5597,28
6191,30
6691,30
5200,30
998,10
4395,30
4785,20
32,30
9808,30
5910,28
8213,18
10042,30
5903,30
2193,30
6461,30
1531,30
9074,25
3431,30
8743,20
6546,30
2978,23
1173,24
7498,26
1811,30
4342,21
5114,15
5235,30
8485,30
9577,20
1015,20
4717,30
7949,23
6238,29
3239,29
3473,29
3058,20
5530,30
4728,27
5415,30
1565,30
5341,30
2948,25
7017,7
7318,30
2323,21
3279,30
3942,22
2688,21
8603,20
4952,19
8419,30
6096,29
2608,16
334,30
3148,30
7646,8
9023,30
3436,30
4951,30
7931,20
3439,29
2611,30
7180,30
3149,30
3407,30
7386,30
5188,24
3475,30
2275,22
3981,30
9506,21
8208,30
1896,23
7769,21
6750,19
1862,30
675,28
9791,29
5374,21
1885,30
9035,13
8211,21
5407,30
10095,30
396,20
4202,21
682,15
9730,30
7575,29
1083,7
5702,30
517,21
7870,20
7356,29
9948,20
6413,23
4171,23
6286,30
2238,30
1496,30
9045,20
397,30
5179,25
7265,30
8882,30
3212,30
7479,29
4133,13
5606,21
4122,21
7181,29
760,22
9516,20
1960,30
5372,15
9130,20
240,26
7897,25
7633,27
6327,30
2887,30
5767,24
8503,21
4306,30
6772,21
1566,30
2518,30
3920,29
1050,30
5653,15
5310,30
2524,30
9847,22
3590,21
180,27
6079,30
1062,30
4694,20
9184,30
1756,21
656,8
3636,23
7126,30
3195,30
107,28
150,16
6455,11
8418,20
815,28
1620,23
4387,25
7227,25
4334,30
2580,30
8313,30
8905,30
8597,30
7733,20
4923,30
8946,30
7515,22
10171,20
710,29
4011,17
8874,22
9077,21
8627,30
586,21
6620,10
2615,27
7294,30
3504,30
665,30
7089,18
10000,30
3788,30
749,24
3784,21
5953,30
6342,9
1076,21
9028,30
7051,22
7872,22
7896,22
3357,30
8249,28
9389,17
1686,30
2584,20
8722,30
4457,10
2245,30
6164,30
6162,30
8236,22
8724,10
6951,20
1272,30
4166,30
904,29
1619,21
7458,20
4316,30
28,23
3725,30
5969,6
9206,30
5833,30
4186,18
201,12
1943,24
7846,23
2797,29
3675,19
6682,30
2250,30
4687,30
8053,10
8567,16
492,30
65,30
3090,30
2969,30
2461,30
9651,14
3404,30
6263,30
9719,30
5514,17
3078,29
8472,20
10100,28
8270,23
5361,30
5546,20
5623,18
7380,22
7406,30
475,29
7094,30
9059,25
6949,29
8058,29
9614,11
5932,30
6853,24
1423,30
5384,22
3654,16
9989,20
1137,30
4742,7
5181,30
5314,20
5706,30
8482,30
8051,8
2979,29
5985,28
6163,30
1226,22
9967,30
2980,29
4236,30
3800,20
6346,30
3004,23
5323,20
10148,6
378,19
3411,20
7174,30
408,21
7124,30
3339,20
525,19
713,18
2613,30
7676,28
8825,30
3448,20
7980,13
8735,22
1102,20
67,24
4412,25
5961,24
10080,30
3765,23
5641,16
3840,23
1368,30
4268,30
1116,20
2586,12
103,29
2749,22
8686,19
10128,20
6311,30
5776,20
8405,24
5503,20
1318,30
6277,15
467,30
7267,12
3787,11
2025,23
7353,30
8849,20
2591,20
1491,19
6753,21
1579,28
8461,20
4094,30
4673,16
3713,20
4829,20
2725,24
9387,11
8848,21
1307,16
698,9
2472,30
6899,23
8876,30
7452,18
1886,30
7474,19
7211,28
9084,30
9927,30
1938,30
507,18
3468,29
143,28
6987,30
3823,29
3591,14
2231,30
2173,30
7223,20
1726,30
2185,24
9174,20
4111,14
2808,30
4424,30
2242,30
1900,29
250,29
7068,12
4445,22
8831,30
3839,29
8543,21
2711,17
4532,30
8858,30
7044,29
8199,28
961,29
1793,30
841,20
3847,30
4048,30
3807,26
3130,30
251,29
8546,30
6053,23
3535,21
8329,20
3307,14
2507,30
212,22
5540,29
907,28
5394,30
2532,21
7271,30
8947,30
5729,30
1707,19
6134,30
2085,21
1221,30
3569,30
3031,29
7606,8
1014,30
8548,25
1543,18
6705,30
7178,30
2367,20
2791,30
2778,22
7826,30
8021,27
390,20
1919,20
7163,23
5515,20
163,26
385,25
3876,13
7290,22
7201,30
3338,30
5592,16
7025,28
5164,15
216,21
6943,22
6972,12
2356,20
4161,30
4716,13
3522,30
5086,30
8645,21
1183,20
8363,10
8928,30
4292,30
3588,21
9351,22
225,19
2257,29
8252,27
9323,20
7827,26
3337,22
8934,17
1159,15
1152,21
6463,11
4719,30
118,27
10056,29
5303,30
9029,23
3494,28
9259,13
3465,30
8193,22
4832,30
9176,30
5286,20
8338,24
7946,29
5194,25
7129,27
765,20
2769,21
9020,30
7252,28
1617,22
6573,21
303,30
3088,19
4543,30
6005,30
453,22
8371,26
5122,30
9097,24
8467,23
4401,16
534,30
8470,30
7107,21
1961,21
9529,26
9228,12
7602,25
1069,22
53,23
7636,29
3620,30
9415,24
139,26
741,18
455,23
3795,30
6921,30
359,29
10057,28
1373,30
8177,20
696,23
9221,6
3317,30
8247,30
8357,17
2812,21
3572,14
3686,20
7657,29
1614,30
4121,14
5321,30
6780,18
2469,8
5542,14
9222,20
2722,23
5225,30
6986,30
7560,15
2509,30
1281,30
8388,7
1731,30
6138,20
2715,24
9754,25
6492,30
6059,30
442,28
10122,10
1970,23
1467,30
2385,21
2236,30
366,21
7597,20
6036,30
10115,24
9598,20
4553,20
3990,8
7003,30
6532,30
4841,20
9792,14
2775,20
2383,12
5579,29
234,30
997,30
1029,22
336,20
1947,30
5422,21
3291,21
2433,30
3534,20
2446,23
8795,20
1691,30
7704,11
4240,23
9618,8
6566,20
35,16
1541,20
1806,23
3721,19
3835,30
2891,29
4908,30
7892,24
8515,30
9068,24
7422,30
1289,30
8264,21
4610,30
2815,20
10089,30
4321,30
5211,11
8898,30
5842,25
2331,30
264,24
576,27
7721,21
8640,23
6077,30
9923,30
10160,30
7195,30
2268,29
5839,19
852,21
9811,11
8641,30
7993,27
9757,17
7740,6
8725,27
7957,25
7316,13
3287,10
1425,25
8089,30
5447,30
2450,23
7207,22
8988,21
1525,23
2074,23
1068,25
814,26
8737,22
9736,26
1808,21
6971,29
5047,30
992,30
4406,20
8884,14
6110,30
8407,23
1421,21
7547,20
6549,20
9186,5
1633,30
9393,17
9766,20
7041,23
496,30
3021,27
5157,30
3500,30
4014,30
5390,19
61,29
10050,30
4914,30
4483,30
5841,20
2235,30
1121,21
8702,30
9733,30
7165,30
10082,30
2954,23
7361,30
8664,30
1711,30
2705,20
9775,28
5759,29
5217,9
5899,25
8992,20
3573,24
1034,30
2861,30
6300,30
4904,20
7320,30
7038,28
9432,20
4919,22
6946,29
8374,30
1781,25
6970,7
8677,30
2213,29
8932,30
7029,20
3017,30
9225,5
10093,30
9297,30
799,22
1962,30
5809,29
6989,30
943,29
5018,30
5866,30
890,20
818,29
7375,22
6904,25
4519,20
5998,29
6439,30
2996,30
4955,30
1721,6
7535,29
9269,25
1374,20
270,21
8345,26
8107,14
6624,30
8032,30
3421,30
1696,30
8026,23
1524,30
8693,30
5145,30
4296,7
4298,24
9115,21
1512,20
3999,28
7858,25
6018,23
3612,20
4913,30
9817,20
552,20
8318,19
3016,29
10135,30
8240,24
5672,30
6467,20
7972,16
8135,20
6292,30
4287,23
3899,21
3193,29
5038,21
4760,16
9661,25
8887,30
5500,18
9451,11
5741,24
8942,30
4682,17
3414,20
5089,20
1400,20
1441,23
2746,20
2863,30
8200,28
8276,21
9309,20
691,22
9797,30
417,30
9179,30
4648,30
5715,30
4027,30
9388,22
215,26
6291,30
3515,19
24,20
790,19
3706,30
7337,26
440,11
4975,30
4447,30
905,14
7604,22
8819,22
4145,15
7119,30
4135,30
10087,30
7783,27
414,23
5882,11
9785,18
361,29
1890,29
160,30
6784,15
779,29
6777,11
9515,22
1507,23
3983,29
2847,30
1746,22
10145,23
6663,29
7168,22
8012,21
8278,30
4567,25
6189,20
6729,24
7814,5
3916,29
5541,21
2820,35
4414,30
8022,22
1241,23
5852,15
138,28
420,25
946,20
8134,20
3845,30
4710,30
6435,25
2761,30
5197,25
2054,30
2862,20
8139,22
5479,30
9568,22
1875,30
5068,17
3542,30
9567,24
3696,30
2757,25
7093,13
5097,20
6543,30
647,29
69,30
9916,10
9150,30
7443,30
2209,20
5240,30
8586,30
7253,22
6832,8
8661,21
3881,5
3423,16
8458,20
801,30
593,28
6234,18
8755,22
9459,20
8584,20
4508,21
7338,30
8273,24
3333,22
7172,29
1680,11
4058,29
9987,30
4350,21
1994,30
2440,20
4623,21
4692,30
3664,30
1448,30
1349,20
1596,22
1206,23
8566,30
2086,30
3181,30
7917,23
644,24
1086,21
3545,20
5060,21
7184,28
7413,29
3441,11
3523,24
5721,9
1422,30
9331,16
5178,30
6614,30
5389,6
5595,23
6806,30
2683,26
4472,30
4433,30
1892,20
8803,30
3166,30
6025,30
5366,24
6066,30
9790,30
5666,28
5043,21
9973,7
2090,21
10032,30
3528,28
8228,21
2871,24
2856,25
8507,20
805,17
10058,16
1907,19
5726,20
2425,30
8233,20
7930,25
7363,27
7615,20
4724,30
6903,20
676,30
3446,19
1326,30
6977,20
669,27
1904,15
337,15
3735,21
2495,25
5566,30
9729,30
5703,30
10067,20
7751,25
8919,25
7408,30
6064,15
1889,21
5484,20
4629,20
8436,20
1780,27
1585,30
7381,28
4226,17
3447,21
8493,29
2263,30
2417,22
5807,29
2006,30
9821,30
7167,29
5850,16
2460,20
10084,29
3081,30
73,24
3747,20
5243,30
2334,30
4534,17
2304,29
4588,12
9199,29
1763,21
2009,21
599,29
8943,30
2727,16
4256,30
3862,30
6097,21
2392,11
4612,30
6520,6
8116,22
5140,30
8268,20
2426,20
1861,20
1402,20
2269,22
4880,15
27,26
476,29
1757,31
2285,21
4924,30
4566,30
8544,23
5662,29
6572,23
1392,30
8594,24
6796,21
2669,6
1407,19
1385,21
8227,15
4554,30
4304,30
7755,30
3135,30
3757,15
6785,11
2072,30
5055,18
5025,30
6637,30
3898,19
670,11
6865,21
5907,11
5939,24
6875,23
7558,24
9687,30
6155,30
6540,20
4247,30
2667,21
4759,16
7127,30
9885,25
9504,20
6930,22
6449,30
9542,30
6475,20
1929,30
4886,23
8392,30
5915,27
8531,15
5289,16
8886,25
7348,30
8224,28
503,10
5266,21
5669,19
8288,30
728,20
2974,29
8638,30
2709,14
10014,30
6288,30
4761,24
8614,30
6893,30
1935,18
6909,14
487,30
8019,20
8851,9
2915,20
4003,20
9697,30
7925,20
8921,20
151,23
130,28
433,30
1833,21
3047,30
7526,19
1351,30
1864,9
2936,21
10044,30
1170,30
4647,30
86,24
3084,30
8576,23
2313,20
3472,28
8484,20
5326,30
4701,30
5955,5
4492,18
9990,24
4983,19
1041,29
1996,30
6773,20
1684,25
1852,30
4380,22
2484,30
4520,9
471,29
6251,20
4935,20
8720,20
6479,29
607,23
5687,10
9079,30
5002,22
7261,30
938,20
1825,17
740,29
6200,30
7277,24
1879,22
7153,30
5069,29
7940,23
3184,30
6680,30
1601,30
6316,30
2443,30
5320,30
3872,28
9317,7
8964,30
9934,29
5399,16
3806,29
5775,30
825,25
9015,24
4652,30
5738,21
4744,30
2813,30
1648,30
54,22
3732,6
1079,20
2511,20
1799,24
7961,27
6562,30
896,25
362,20
7075,30
1683,16
2926,30
4005,16
1419,22
9253,15
4852,30
1803,20
3042,21
6247,29
4087,30
2307,30
5697,23
9778,12
2228,12
4895,21
1163,22
3802,29
6563,30
3418,18
5765,30
2144,22
4814,30
7887,6
4244,30
3963,27
5636,18
8460,30
5088,30
2684,18
7475,30
1785,22
6201,19
4196,21
9296,20
8954,30
5880,22
7435,28
5342,30
1695,19
966,18
878,19
4151,30
7309,30
2690,17
6265,18
9904,8
1248,18
2984,30
344,21
3712,24
7335,30
113,28
2986,16
4233,19
7,24
844,30
7272,18
2770,17
6165,30
2040,23
8899,10
4872,30
6688,30
9051,13
8940,30
5291,30
5650,29
4124,25
5543,30
732,18
6404,30
1263,25
2201,30
4267,13
9358,14
474,15
7022,29
2966,9
5040,30
2914,30
3853,30
706,28
3998,13
5459,30
6210,29
9248,7
5019,12
1509,23
9592,23
1092,30
10134,30
6509,29
3582,8
5771,23
9888,20
7469,25
8212,27
7869,25
3374,20
6181,30
8014,24
1939,21
3400,30
8754,22
2689,28
222,28
4146,30
1748,19
2792,30
1101,20
5758,25
2712,18
8747,30
5960,30
3070,29
9591,29
7905,17
7427,30
7428,25
1880,23
463,29
6701,20
5734,28
8303,20
5156,17
5977,20
8042,18
4138,30
2824,24
6049,14
9594,20
8380,30
9017,30
6612,5
4808,30
5094,30
380,27
4051,30
2258,23
4985,25
7882,16
4622,14
8703,21
7820,28
7424,30
10026,14
9758,30
7402,20
1150,24
9748,28
5798,14
3708,30
6851,30
5454,12
6665,30
5747,30
1260,14
5451,30
9452,20
3419,15
8328,22
91,14
3724,20
3908,29
5007,30
6314,30
8830,20
4363,21
8302,20
9937,29
9288,30
613,10
680,19
9818,30
5755,11
9726,21
5357,17
8036,21
6537,23
3830,12
2942,11
2889,24
156,25
2158,30
3994,30
5247,30
758,29
4039,20
6681,30
5093,30
4594,24
9789,30
5453,20
9854,29
5979,14
3693,20
1223,30
6391,20
8393,30
3941,30
3638,25
2031,30
3112,22
5507,30
1860,10
9669,30
8910,30
8129,27
1343,17
6725,30
689,25
3868,29
39,25
7786,30
3277,21
1104,20
7899,25
4341,25
6354,30
3745,34
8852,18
3648,30
9636,20
3346,20
220,30
4847,29
432,15
8796,30
1936,30
221,16
1761,30
4784,16
6359,30
328,29
1674,25
5630,28
5119,15
5297,19
3962,30
10,19
9747,13
8997,17
5396,20
8221,28
6224,11
5375,30
9224,8
5109,14
8412,30
3923,29
5857,18
4297,9
1339,30
7143,30
10159,30
2744,20
2654,14
37,9
1913,13
9212,10
7554,27
3167,30
5635,30
8054,28
5215,19
6849,23
6065,30
6744,28
2029,8
8223,20
5965,22
5638,30
3146,8
6926,13
8980,22
2576,29
4824,30
5264,30
1510,20
5037,5
4782,30
5513,16
1937,20
2106,12
733,28
9663,20
5050,30
3982,22
10166,19
4582,30
1296,21
2940,14
8648,30
7587,16
8704,30
4059,21
10172,11
370,29
2958,22
4371,25
8779,30
9204,21
1700,30
3216,29
5255,22
419,28
1503,20
7963,29
5628,14
89,29
4987,30
7120,30
1745,17
1276,20
4709,19
6759,20
7984,22
2253,30
5076,10
6298,30
2814,29
6934,17
6032,14
567,30
2204,17
3929,30
8878,30
3452,20
2878,23
3413,30
66,30
1646,30
942,22
5416,30
7131,30
9794,30
8991,24
7989,28
6100,30
5116,18
8616,17
10041,22
2869,25
8033,28
564,19
2160,30
7021,27
2300,20
6352,29
2232,23
7584,22
1301,30
8291,23
3172,29
4884,30
2301,30
9646,30
12,25
127,12
2550,30
1033,30
6216,15
8153,22
4549,30
626,17
7549,14
119,24
8810,30
10103,28
3402,29
6159,30
7122,24
7594,27
4028,30
9333,8
7259,19
6188,30
2505,25
2562,30
1245,30
9915,30
274,5
5885,24
871,30
272,29
6715,20
2848,20
4762,20
3160,20
8262,20
2221,30
7702,17
6412,30
3526,22
524,29
5509,30
3026,20
3550,20
6464,20
49,28
4754,20
5420,22
9247,15
7756,30
8232,12
116,29
7242,20
8889,20
3280,30
4638,14
5424,21
3972,21
9656,10
2502,23
1655,23
2780,25
1264,30
8452,21
6698,23
3098,30
3388,21
1709,18
6241,30
3302,29
7445,20
1728,29
7052,21
1564,22
5921,30
9837,18
8044,18
569,28
8676,30
2114,31
5499,19
687,20
5391,30
8708,30
1951,30
8742,30
8837,19
8975,22
9693,30
618,11
6895,22
6,24
4539,30
7871,23
3061,20
7418,30
5461,20
2335,30
5316,20
4540,21
7935,19
164,21
2224,20
3213,26
2390,13
7790,16
5261,21
4715,30
1883,23
8230,28
1476,24
8391,17
7565,26
5062,20
1442,23
306,28
9089,20
3321,18
9168,30
9022,14
560,19
8368,23
2176,25
8727,30
4373,30
4727,21
516,30
8121,30
7695,29
10086,30
6693,22
2571,21
9935,30
1844,30
3052,30
1611,30
5108,9
5238,30
3842,19
4315,30
1401,16
271,20
9100,21
6998,29
10113,28
6000,29
9366,18
6988,30
8733,30
5627,19
5450,30
7305,21
1602,11
2773,23
8762,17
4994,23
3229,25
3131,18
4437,30
1228,30
9657,25
6308,30
8646,30
2988,28
1667,25
863,29
3727,30
8281,17
8915,13
8442,22
236,10
6387,30
3529,20
47,30
4004,29
2092,20
1336,30
5036,13
4855,20
1236,21
153,29
2333,8
7943,18
2714,21
8971,30
8029,19
6727,30
6072,14
9198,30
9004,20
6862,20
5302,23
7260,30
2321,29
5781,27
5902,30
7690,25
873,30
9013,30
6209,19
1804,21
7742,20
8034,20
6180,30
7898,10
5488,30
9931,20
5853,15
10074,20
6647,20
4593,30
4127,8
963,23
1871,30
1923,22
2656,18
10085,30
4732,22
583,25
2768,24
6821,20
6427,30
6939,19
2058,17
2883,30
4082,20
1699,25
4833,20
9944,30
9211,30
2718,20
8773,21
6027,17
2148,12
6161,30
8935,23
9161,20
9953,24
1586,8
9320,20
4959,30
7308,29
6182,30
7283,29
6320,30
2306,25
1649,30
1383,30
9485,21
1729,22
3870,29
5816,18
1153,30
1956,30
1986,30
5334,30
1021,20
1623,21
3020,30
1948,23
7612,27
9464,26
9903,19
292,27
9921,30
8468,30
1856,22
2116,25
1297,30
2794,20
4045,29
4863,30
8250,29
6661,21
4990,21
1973,16
5042,30
5204,30
9525,20
2121,20
9313,20
3758,16
3995,21
5262,30
3540,29
8904,30
872,21
8521,30
8818,30
2290,29
989,13
5187,30
4511,30
1702,20
1537,30
2537,30
6588,13
2125,30
8111,25
8304,20
4885,9
3007,17
6955,30
968,20
8679,30
1568,30
1379,21
3739,29
4044,25
5020,30
7048,28
6373,13
1979,22
8217,10
245,16
867,27
4454,21
1753,22
2674,26
4484,18
5569,30
8060,20
8366,21
9446,21
5919,24
9842,23
6678,19
7471,29
857,22
7151,30
9135,30
6740,19
9398,25
3586,24
5287,30
7109,20
3856,15
911,18
5537,30
2617,20
6983,20
5647,18
7209,30
5940,16
585,19
6721,20
8979,30
3966,24
1747,29
9254,12
1008,30
6841,22
4590,22
7401,22
10071,30
4949,13
1513,30
2444,20
1505,6
5353,30
3,25
1054,30
7083,30
8294,28
21,30
4259,8
5878,15
7914,11
5937,28
7750,18
2806,12
7291,20
903,21
6901,24
7110,20
4238,30
574,28
8210,20
10114,24
4339,16
4858,20
9925,23
6428,23
6398,30
861,30
7688,20
3643,30
3688,21
318,30
3416,20
1834,9
8,26
6054,24
8872,14
6151,30
1186,20
671,29
2168,30
3614,30
2314,30
2120,30
6087,30
6094,29
2325,30
8926,30
5110,21
6912,20
10143,30
7855,29
9362,30
477,20
3848,17
1982,24
2358,20
2910,30
1429,17
6133,18
387,27
4527,30
6931,20
2652,25
3342,20
8721,30
6952,30
6633,30
3791,29
5131,30
7255,21
1147,29
7449,30
3247,29
4253,23
1988,14
6860,30
1694,22
7450,30
1910,23
5948,27
9166,30
8155,29
426,21
7199,15
6002,30
3626,19
6007,25
2135,7
8850,30
2445,30
3024,30
3114,17
4448,30
8832,30
5456,20
5296,25
6856,20
339,21
4239,23
3022,30
7632,30
7626,20
8574,23
1940,25
6208,23
1287,30
6171,20
10091,20
8091,29
4783,20
862,21
4765,7
9814,24
2558,20
5704,30
5709,21
5318,30
1216,13
7013,30
8002,22
1338,20
3480,30
3208,29
5123,11
1146,29
8891,30
8920,20
4041,28
2602,30
2243,30
4309,30
5821,21
922,18
4337,22
8349,21
598,28
8143,20
2520,30
4409,24
7860,25
7237,30
6547,30
5957,11
5686,21
4848,22
702,27
8601,23
5182,30
3085,17
6555,30
1130,12
8501,30
351,27
3746,18
257,29
9641,20
2260,29
5491,30
7953,17
1795,21
2131,10
9087,30
6445,24
8570,30
2510,28
7275,30
4916,30
7771,6
335,27
8417,20
1246,30
2925,5
5401,21
5783,6
8097,6
278,29
1267,20
4217,18
5165,30
7987,24
490,13
8510,21
8018,28
1974,21
601,8
1925,24
3143,18
9685,30
9724,16
7159,30
6141,30
3855,25
3492,8
4209,30
3263,30
3900,23
6326,21
2494,23
8404,7
10156,30
8906,20
1815,30
2066,30
9258,17
5788,29
6594,9
10035,19
6610,9
7293,20
10104,22
2515,18
7001,30
8275,30
7964,21
176,28
5679,30
1225,24
7173,27
3097,29
5344,30
3351,25
8617,22
360,6
5138,30
9838,12
831,25
5190,30
2530,21
2621,9
2701,26
9552,23
5532,30
7234,25
1096,20
7467,30
9470,20
8123,29
3238,30
6561,10
7409,30
2477,23
8974,30
9382,15
8202,15
3340,29
8431,30
559,19
358,29
8922,20
8748,30
7804,24
3438,30
8497,22
7534,29
1195,22
9548,21
6570,23
4839,21
4251,30
7440,20
6217,23
4529,24
6213,23
3678,30
4741,30
9936,15
1710,23
8092,25
6132,19
5583,20
9144,30
6684,29
7136,22
10061,22
5792,9
9359,15
4752,6
5754,10
6619,20
973,30
1608,18
7724,29
6149,24
2781,24
3433,5
7125,20
8274,26
5527,23
8868,30
541,18
6836,23
6129,10
1989,10
2214,20
7499,30
1463,22
9458,22
10165,24
9524,20
2015,30
4871,11
5959,15
132,29
4950,30
4142,21
4618,29
6603,30
4778,23
4842,30
9037,20
8705,30
7369,30
7856,23
1056,24
876,26
5555,21
4031,30
3723,20
4386,20
5234,30
3133,28
8631,20
5625,30
2535,25
5582,30
9031,30
2352,13
3067,30
950,19
9776,13
8575,22
7617,27
3080,30
1995,22
5951,30
697,19
144,7
7932,30
4265,30
1167,20
8981,10
5106,19
357,25
3988,29
3549,11
2835,14
4294,23
5584,29
4691,30
5952,5
5201,18
6859,20
7861,20
1583,29
2918,29
3907,29
7270,25
1857,22
3142,21
6830,20
8790,14
354,17
4089,21
7810,15
6043,30
7138,30
1483,24
621,26
589,20
5312,12
4597,25
6587,20
8181,24
6349,20
3474,14
6363,30
7911,19
9412,7
579,22
8504,30
3001,20
1305,30
1258,30
7857,29
4836,30
17,30
6558,30
8387,24
4257,30
2286,18
8189,30
7577,20
7493,25
3010,30
5728,26
8897,24
1672,30
9530,21
4620,30
8973,9
7296,24
9630,11
6340,30
9091,30
8665,20
6711,20
5382,30
8340,20
5991,20
2811,20
9968,14
5619,22
211,19
895,25
3680,21
2280,10
3328,30
565,30
8150,28
2582,20
6761,6
6417,30
4436,30
2844,30
1554,20
4367,20
8372,30
5085,12
1279,30
10021,30
9117,19
6031,30
8466,23
2344,10
5883,30
6232,30
8865,21
993,30
3558,6
4100,13
1361,30
5643,20
964,21
3829,21
10013,13
6416,18
7730,22
9543,10
9569,13
632,30
4639,20
5949,22
6017,10
5685,20
5549,30
679,30
1742,23
7723,9
1548,20
2338,20
7491,16
7288,10
2800,19
2451,30
8672,30
5556,18
3482,8
4393,30
7581,20
7836,12
804,25
2921,30
4936,30
8324,28
4314,30
7718,5
3312,30
2151,15
2230,21
6305,30
8718,16
8327,21
8222,27
3429,21
7085,5
6764,23
8078,22
6102,16
3945,13
8175,8
8239,24
4000,14
7599,18
7254,21
179,14
8788,30
8166,25
1821,29
8347,25
3162,22
6788,18
4768,13
7834,22
5474,30
8488,21
9678,30
3803,24
6674,25
2952,30
1718,20
7398,26
6170,23
5761,7
6379,11
934,21
595,21
4266,10
6929,20
8952,28
8987,30
7331,30
4722,30
8427,30
9670,14
829,16
2055,30
1630,25
2793,30
8864,16
4021,24
3585,20
2420,22
2960,30
457,28
2855,20
466,29
958,30
1573,20
8481,25
6733,20
3484,29
8513,30
2454,20
605,17
6366,18
2971,24
3068,27
2098,11
1575,19
3676,25
8607,20
3311,20
3462,20
1812,30
6244,18
3478,30
1443,30
1823,21
2900,21
324,18
5345,25
188,17
4628,30
7728,20
2206,19
9939,19
8082,20
1073,21
1640,10
5827,30
1559,30
4195,14
8072,30
6377,19
5982,30
3095,29
3008,21
1616,17
1168,21
6564,20
2399,8
3344,23
3575,30
9145,23
6541,20
8972,30
596,24
4192,20
1549,30
6928,30
8629,12
8409,7
6730,26
5142,30
3499,22
6818,21
2935,28
9302,30
8389,20
7417,25
135,27
6456,20
5386,30
7465,9
4324,13
7186,30
8690,17
4613,10
1218,30
8069,8
6118,21
7315,30
4478,30
6925,24
6042,30
2668,16
9264,29
3105,22
2118,18
1501,22
5571,19
8528,30
1944,30
935,20
8933,30
2184,20
5879,30
203,29
9048,12
894,30
2309,30
1828,21
8564,30
1540,21
4755,25
927,23
4792,20
4568,23
4063,21
9780,20
856,19
6742,20
8684,17
8651,19
7460,30
8847,30
2907,20
757,18
2229,23
2355,25
8644,30
4056,20
5229,14
6001,23
314,15
3992,11
1022,25
5581,30
2912,25
1340,24
6199,30
10146,14
2241,11
7128,29
1365,23
4308,30
2905,20
563,26
1356,30
6790,12
9919,20
3753,28
3466,28
1865,19
57,20
5562,21
2480,24
7423,30
660,19
8860,30
8813,14
141,23
7355,25
6515,29
7060,16
8817,30
333,18
4286,30
3334,20
1126,6
3012,20
4840,20
9996,16
3888,16
2362,25
46,24
775,29
10012,11
2671,23
2391,24
7850,30
2512,22
9861,14
9401,30
6148,17
1232,22
3502,6
5006,23
9219,16
5574,23
2078,30
9828,21
1390,25
1652,18
4275,24
9984,30
1077,29
5245,25
8430,30
974,23
6060,23
5346,30
10175,30
4734,20
3389,30
1481,30
8746,30
4338,30
7137,29
5337,7
5577,17
3006,28
3460,18
322,28
10096,30
7067,30
19,20
3959,30
1347,23
7387,5
901,29
2816,22
5677,29
3169,23
5538,22
2174,30
7770,25
4700,20
977,30
724,25
5340,30
5511,25
1690,21
5146,30
5682,24
5714,21
6123,18
4405,10
3892,21
1813,21
8823,20
2441,22
29,19
4509,19
4867,20
5351,12
6556,30
6016,29
2349,30
4666,30
5904,23
6256,30
1023,30
2267,20
2703,25
5452,30
4972,30
4120,19
976,14
1427,9
2548,21
7522,15
2191,20
1447,30
6523,11
2660,20
1584,22
2414,28
4893,11
5071,30
4327,14
8400,26
2220,15
231,15
2291,20
6085,19
438,29
1958,21
6073,24
7586,25
1255,21
1480,24
7494,21
833,19
6662,30
9802,29
8290,29
3191,17
3038,16
8478,24
486,28
1848,21
3671,20
2339,25
75,6
6136,30
7680,30
3119,30
4859,22
1523,29
4598,30
7066,30
5559,10
8826,30
659,30
23,30
5288,9
9975,24
6347,16
5205,18
8444,11
3139,5
798,29
10023,30
6631,30
3618,20
3467,22
6906,12
230,28
684,21
8299,20
2488,6
8761,30
2579,30
3531,27
445,29
827,12
5198,30
6364,30
4392,30
5744,19
20,19
778,17
6630,29
5846,14
4416,24
3951,29
3013,22
9435,25
2406,30
2796,29
5254,30
79,29
2559,20
6932,20
3278,30
8424,30
4157,30
5130,12
9201,9
8471,30
5911,30
4982,25
2955,30
8172,29
3066,22
2920,25
9457,24
3477,30
7513,30
5529,30
8783,30
2294,20
881,25
8170,21
5203,16
6876,30
9423,9
8343,25
6355,30
3327,20
7725,30
1553,20
8592,24
4305,24
4922,22
6578,20
8020,27
4659,18
4464,20
7204,20
4798,30
1354,20
7782,28
301,30
8342,27
5107,22
4910,30
2019,30
9588,18
2867,30
83,19
1128,30
3177,16
6453,6
6877,30
9513,12
9836,20
6704,30
9033,23
1337,30
865,23
3511,29
1990,30
7076,28
9036,18
8326,20
9240,30
43,15
6045,25
1557,17
1439,30
674,29
7774,26
8637,26
7767,20
7747,21
2262,16
7788,27
8658,24
7543,28
9551,20
2251,23
7302,30
340,12
10073,30
3969,20
9477,14
591,18
3651,20
9940,16
6485,15
4578,20
9615,20
7512,21
7726,25
6917,22
8203,22
1450,19
7426,30
4333,19
3780,20
3562,30
3928,30
6486,10
6088,30
1606,17
4735,20
4577,30
2578,24
7158,30
4625,30
9547,20
4693,30
4250,5
4948,14
10147,20
5670,29
520,9
3125,25
9539,17
3147,29
4853,30
4349,16
9587,13
3035,30
10118,29
3392,13
8857,29
8827,30
375,27
7863,20
1887,24
7233,30
1737,14
9815,23
3926,6
7345,12
8379,30
6203,18
1945,20
4637,30
105,21
2902,25
9555,20
7665,27
3790,20
7744,22
9643,8
6260,26
5922,30
372,22
3243,20
8618,30
1762,22
6516,21
9501,20
96,28
2983,30
483,29
448,27
1975,15
8433,20
2526,25
7225,20
1080,20
6319,29
8336,23
6739,20
1822,18
6019,24
7280,16
4052,13
8473,10
4954,20
6510,25
866,23
9926,30
2909,30
5343,19
7149,29
3925,21
7800,22
248,30
4143,30
9468,18
6580,20
4535,21
6675,30
2194,30
2076,17
3408,20
489,24
2760,19
7817,9
7867,30
2908,30
6719,30
5655,26
4711,9
8127,30
2244,8
1334,18
437,21
1489,30
4221,30
4750,20
4057,21
8076,26
9070,6
1303,30
8758,20
6535,20
1574,30
919,27
1048,24
2772,30
6770,23
6009,30
3268,29
6240,16
9006,30
8551,30
3158,25
3154,28
3980,30
889,27
2904,14
7849,21
8500,30
4062,24
2638,22
3267,20
8487,21
289,30
5079,23
6518,21
3386,30
7190,24
5473,30
233,20
256,29
3593,26
3077,22
4206,21
4934,30
8186,20
7833,20
6468,18
3207,30
8751,22
5580,17
325,20
3761,29
9866,28
4969,24
9339,11
8293,23
253,20
1774,20
2545,29
8602,30
8356,19
7484,26
8390,30
7609,24
3120,22
5251,17
4402,24
9589,13
8030,7
2400,25
196,20
3886,30
7965,27
8300,19
2032,20
1873,30
1486,28
7431,14
2529,30
4060,29
7572,28
7611,30
94,30
1589,30
1610,20
3406,9
10064,18
3960,30
45,22
8696,21
2728,27
8663,30
8422,22
1294,20
3987,16
10117,30
3887,20
8615,22
7738,16
9046,22
5683,16
766,16
2951,13
3854,30
3817,30
3264,22
8682,30
9779,10
7330,29
6517,13
1639,30
3126,25
6724,22
3204,27
7317,30
9300,13
2710,20
495,30
9187,30
5008,30
8623,15
8907,14
2475,21
5812,6
9900,10
8194,22
6442,20
3579,9
6755,20
6874,12
9918,30
300,6
9623,8
3871,20
5656,30
8983,16
4208,19
6553,20
7152,20
1850,20
1391,23
4053,29
1670,19
1209,30
2698,8
7101,28
4882,6
2320,19
1867,24
8133,27
1521,14
8205,19
8045,30
2033,25
7785,20
4237,21
5780,30
5716,27
8251,28
7719,30
388,28
8325,23
6198,30
704,15
1317,23
9664,17
7576,28
5601,27
5495,30
7819,27
5642,20
3463,25
2069,20
5698,28
5487,16
7514,20
1786,23
3273,21
9383,6
3730,30
1942,25
7608,8
4980,21
3729,21
269,21
9949,20
8498,30
6605,11
4830,5
3336,30
10174,30
7588,20
9850,30
7232,22
855,23
4912,12
494,30
3306,23
25,30
1193,16
3185,30
4770,16
9901,13
1773,24
8023,30
4485,25
1134,17
7243,30
8875,30
82,30
2866,29
8096,21
7884,20
8285,21
5369,30
7448,22
4394,25
6667,6
2396,20
5041,30
8174,27
3852,20
98,25
5829,30
9731,30
2368,29
3296,12
8063,18
9709,20
1437,24
1577,29
716,23
7244,30
6227,20
7059,26
6125,9
117,24
7691,29
9879,19
9781,17
3378,22
9072,15
7561,26
3869,29
2310,23
137,24
8970,17
5518,22
407,21
5637,29
7364,21
1842,30
3199,13
9938,22
4571,30
5845,17
4995,21
364,25
6927,16
3741,13
1840,30
5617,28
6385,30
8277,17
5534,23
5082,20
1125,24
1612,17
3954,25
9783,24
9422,22
5195,30
9924,30
6380,23
6091,22
6389,11
8866,24
7885,12
9786,25
2583,23
7685,28
6577,23
8399,24
7865,25
8254,19
1113,30
8772,23
1169,29
8639,24
1810,30
4530,25
8440,30
6641,24
9795,29
8681,21
6418,30
3943,29
2084,30
8512,22
1453,5
1182,22
6111,20
5746,14
5024,30
5593,15
4136,30
677,28
3669,22
3600,30
9855,24
594,29
5016,20
5871,24
1650,25
9774,6
931,25
8669,21
207,28
2721,20
3288,23
7529,7
8839,22
6396,19
9287,17
7784,22
4469,24
8456,23
8894,29
7716,30
1654,17
5639,29
3597,29
9534,13
1135,30
8077,28
7948,8
2013,25
6559,22
6815,22
7686,10
6894,30
8339,29
7655,20
4538,14
2364,22
3603,6
5727,6
2928,27
5835,20
4831,8
6996,23
6552,11
10167,30
8151,30
789,19
5199,30
1088,30
2413,19
4944,30
7569,30
5739,19
3444,21
3019,16
6504,11
6430,30
5242,30
3689,16
500,24
8312,27
8059,15
4070,30
4546,23
6531,22
8962,30
652,24
6597,20
6888,20
1818,22
4796,9
646,25
8508,24
4181,30
1824,9
4428,23
5398,10
4455,25
4795,30
8555,11
8394,10
511,20
1335,30
8739,30
136,15
1215,21
2095,30
6137,30
742,30
1991,30
7923,30
5493,9
5347,16
6168,26
3459,22
2972,30
5465,18
6651,5
7511,29
7653,20
1261,30
3833,21
9823,20
134,21
1835,29
2186,14
3183,24
3525,18
1474,30
7781,21
3454,7
3516,26
6270,24
4431,30
238,16
2593,24
4148,25
7926,20
9720,30
2612,30
5610,17
5466,16
7390,19
7400,29
5897,30
923,28
9579,16
2448,29
5933,28
9210,30
9932,24
4419,30
6695,30
5847,22
4216,21
3702,27
8011,30
7571,30
694,26
146,29
6119,30
2938,30
9884,28
9725,29
5039,29
1359,30
121,29
9183,30
8770,30
1714,30
5552,30
8968,32
5379,20
9830,30
2101,30
3367,29
6266,30
5797,23
7368,19
8083,23
7670,28
4174,30
3048,25
8632,30
4786,20
5153,30
5044,20
3736,21
9106,30
7451,6
9961,6
6487,17
4726,20
955,29
1389,30
6152,30
1555,18
5749,13
2389,28
4093,17
3968,24
7148,24
7703,13
1127,21
6644,20
5393,19
8842,30
9116,30
374,29
5356,22
191,28
9718,30
7028,19
5825,20
9372,8
1749,30
8370,21
6593,20
485,27
3106,26
584,25
2046,30
5460,19
7904,29
956,17
6526,20
7263,22
5032,20
411,11
7123,21
3210,20
8862,20
2663,5
8655,22
3779,29
4159,13
2707,28
8158,29
5333,5
3428,25
9185,13
4806,11
1471,30
588,17
5836,20
10164,25
3261,21
8581,22
6368,30
4507,20
7959,20
4906,20
651,27
4475,24
6386,30
2330,21
1312,24
8055,8
4986,30
3109,16
6220,18
4473,30
4956,14
7202,9
7303,10
5925,20
3221,26
1180,30
3948,23
9001,30
5220,9
1370,30
883,18
7508,29
4902,8
88,21
210,19
3432,30
186,26
7496,12
3305,30
754,10
7336,30
6142,30
5191,30
3771,29
7621,20
6207,30
8998,21
5983,20
1720,20
7196,11
5172,8
3911,30
4854,8
5250,30
3646,8
9840,31
806,27
3128,20
7794,26
5668,16
8573,22
7546,21
5599,24
7175,29
10019,22
3186,30
1985,30
7710,20
2318,30
332,20
5736,22
900,21
6183,30
648,23
6037,20
4764,21
5283,30
909,27
1659,20
6296,30
918,30
493,19
1438,15
2429,30
8967,30
178,16
1369,5
8006,11
3497,28
5750,30
5806,25
3976,11
1106,18
2342,20
9230,27
7832,23
204,28
4336,30
1743,30
5419,24
1270,30
9171,26
9610,30
7058,27
683,10
5954,19
1629,30
5077,21
1208,23
1851,21
7574,29
9523,17
4434,20
3304,30
5293,30
868,28
8432,24
6166,30
7004,30
2865,24
2117,30
826,29
281,23
9910,30
1224,30
2337,30
8699,23
377,21
5001,30
9197,16
3476,20
3168,30
6736,30
811,20
2126,21
446,29
3265,21
8626,30
4877,20
3717,21
792,17
3014,30
2208,25
1968,20
6022,18
1005,27
9054,30
4347,17
9512,21
4016,20
940,28
348,30
8701,30
7663,18
5365,30
8608,9
2350,23
7228,30
3410,30
7667,15
6508,6
7481,22
2093,14
7350,30
7759,7
81,29
4119,30
657,29
2435,11
5688,30
1488,30
4937,9
9705,30
5766,20
7928,29
7853,8
926,23
7114,30
9263,14
7411,29
1511,17
3568,29
7924,30
1360,13
4758,11
8423,23
7630,29
8712,30
2153,30
6608,17
3520,20
4002,23
2266,21
1025,30
4466,14
8377,25
3205,30
3867,21
3375,14
9039,30
3893,19
3561,21
2427,22
3331,16
3127,30
4870,19
9706,21
5404,13
2533,30
4426,23
837,15
8590,9
4435,30
4403,25
5708,21
9742,30
2916,18
6503,18
355,10
4118,7
6334,30
4425,20
3858,30
848,16
1959,17
2754,20
4573,30
2756,23
557,28
1484,22
2898,30
8073,29
4875,24
3056,30
5657,25
3849,18
4194,14
6367,30
3793,22
2670,16
4651,22
8115,27
561,26
6702,30
8185,23
9134,6
8750,20
9202,23
1679,10
3587,30
218,24
9825,21
10151,14
7171,6
2837,30
10028,30
7974,21
7981,16
6350,20
5622,29
7983,21
9679,14
9257,20
3303,25
3641,30
645,21
9716,19
10003,30
4860,30
6462,5
7187,30
6474,30
5263,30
7343,27
6981,14
427,24
4803,10
10004,21
4270,13
2259,30
3720,10
7264,24
5993,21
10081,22
2073,30
8536,25
506,19
9109,11
458,29
8609,30
5607,6
9041,30
2759,23
3043,30
8316,21
3699,34
6643,14
10016,30
10161,7
8923,22
8028,30
5830,21
6534,13
5504,30
4993,18
7583,5
5705,30
187,22
9674,10
2424,25
2976,22
10098,22
5510,30
7623,23
4230,16
719,30
122,30
9138,30
9907,8
6536,30
9140,20
5160,19
4190,30
2218,24
4410,30
1194,30
6623,20
84,21
1482,22
5837,18
7024,5
2492,11
5154,22
9633,14
6878,30
7864,26
5720,22
5213,15
3345,18
4821,30
6050,29
1508,30
6076,30
6490,7
2588,30
9533,30
5350,30
8068,14
2882,30
3884,24
7797,21
2610,30
4353,12
4976,30
4427,25
3760,30
6071,8
9912,21
6121,13
5485,30
1189,17
795,8
945,25
9050,22
8350,23
5003,9
3329,30
6482,30
3190,25
9307,19
3634,24
3089,22
199,30
6798,8
633,23
2543,22
8863,20
5411,20
9069,23
5843,30
4450,30
4318,21
9243,8
424,21
4514,30
6400,30
5017,16
7796,30
6337,30
2199,23
1149,30
3294,30
8511,30
5022,22
5699,10
5942,28
1410,30
3293,21
6058,30
8700,8
1778,20
4246,21
7231,22
9796,24
2380,16
7538,22
1966,20
8457,30
347,10
3910,10
7638,22
6055,13
745,29
8927,24
2697,7
3560,5
1581,30
7292,22
7379,23
6310,7
9190,28
4154,30
8955,20
3866,22
8579,23
10008,30
9965,30
9578,15
3764,20
6214,30
5973,26
5632,21
5469,30
170,25
50,19
3443,16
4868,22
2010,25
4562,30
7476,22
4581,20
692,20
6004,22
4220,30
2261,30
4501,20
9399,20
5944,16
3604,5
1733,6
1776,20
7739,18
505,27
7203,30
6429,30
2105,22
279,25
7274,29
7212,20
85,30
655,26
8812,30
7562,21
8960,30
5380,20
539,30
508,29
2724,28
4894,18
6024,30
4661,11
7764,30
3698,29
6501,25
5694,30
371,30
7709,27
7873,20
4626,20
4351,20
1382,30
7357,28
3050,29
1538,30
1490,30
10031,19
5659,14
7354,30
7014,17
6365,30
9011,30
5631,25
3396,19
4970,20
8165,20
897,15
847,17
5139,30
2577,25
5561,19
1546,17
7668,13
1560,30
7074,30
1192,22
2111,30
6811,30
6415,30
8930,30
5817,24
9970,6
8086,28
3659,6
9473,11
5917,26
4300,7
8636,30
6325,30
7777,27
6683,30
7878,29
8385,30
7504,29
2694,11
2873,10
3984,30
5400,20
9231,12
5065,18
7328,5
421,11
5073,30
5753,11
1434,19
5994,24
527,28
5664,25
3744,29
8956,30
2734,19
3276,23
2240,30
1760,29
2409,20
925,19
4932,20
8126,26
1181,30
9617,25
597,17
8844,25
9606,20
1412,20
1830,7
8386,30
932,22
7693,20
6905,13
4721,30
92,21
8740,20
1064,20
7757,12
3681,30
8797,20
6571,18
5924,14
4725,14
3164,21
1161,29
5124,30
6579,20
8545,10
7344,23
1479,20
8989,30
3846,30
5437,20
9502,12
7651,30
6231,30
2646,11
7821,29
10111,30
2415,13
8341,30
5331,21
9561,11
523,28
5432,16
7053,28
8559,23
1914,30
1103,30
2503,19
343,30
3769,6
5681,19
1319,15
1420,30
1800,20
4463,22
3103,22
5865,21
7991,20
6627,17
7737,5
1432,8
2141,30
10072,29
4667,5
2215,24
4874,30
8765,20
6694,23
3469,30
2804,28
459,27
3361,15
9234,7
8888,20
5161,30
4793,15
2487,9
9986,30
6864,30
7393,24
2649,20
2858,29
9012,24
8088,29
4751,18
7666,27
4167,20
4156,21
7371,30
7464,23
501,21
5901,30
3883,13
9064,22
8118,7
6720,21
7040,5
9686,29
5207,30
8383,21
10120,20
9853,13
5648,29
708,21
9571,9
7754,28
7176,21
784,29
3932,20
4600,30
8261,5
2673,20
1957,19
389,29
4556,21
4215,22
9216,7
2730,10
3151,29
5890,15
8397,5
6898,14
7890,6
1578,30
5528,22
4636,30
110,25
3921,20
9635,16
4866,6
4301,25
5208,21
2202,30
6714,30
4767,21
6673,29
5869,19
9441,23
1949,28
8286,30
1030,17
7404,7
4362,6
2805,30
5731,23
6574,30
9007,29
3145,30
9241,12
2859,30
515,28
3324,30
4096,16
42,12
410,25
4219,30
7300,29
8167,16
4856,20
8008,12
4497,21
7971,18
9683,25
5913,21
9629,12
1311,17
5551,30
3805,29
5358,15
3767,16
4962,30
9165,30
481,30
9950,30
8643,30
9155,30
885,24
1384,30
952,25
6583,30
8120,19
8148,30
4506,22
3231,30
7700,11
9946,30
262,27
6261,21
7998,28
1259,29
5964,29
10034,22
7601,7
7671,21
9546,15
1174,22
1222,20
3249,25
5202,30
5438,22
2632,7
6422,30
4452,8
4067,20
3684,21
9285,9
1413,20
2316,30
5279,25
4227,23
4570,17
5095,23
8944,30
9979,30
2181,22
452,21
1265,14
5120,30
9570,30
5103,14
4168,30
2366,19
4730,19
2508,20
6044,30
8140,20
9353,14
6483,30
8334,12
1839,30
9848,30
4352,30
3750,22
4036,20
8674,17
2561,20
9056,30
2481,20
994,21
4974,30
3364,30
972,20
9954,21
8759,23
10043,21
8429,26
265,28
5661,19
6947,30
7720,20
5360,21
1416,10
2353,30
9894,8
3630,9
1628,30
7808,6
8081,19
4191,9
5317,20
6915,10
6098,20
6995,30
936,23
5078,30
3299,21
7875,28
342,17
9810,30
7805,22
4,22
6273,20
4271,21
6649,20
10127,30
7678,29
2542,28
5442,5
5144,30
5414,30
4317,21
9344,18
2024,20
1417,20
1570,19
10129,26
6783,20
8749,30
4203,23
6646,23
843,28
4281,19
3121,19
5319,24
3536,27
834,24
415,24
8031,19
5717,20
1470,30
9586,9
9895,8
9962,30
9057,30
1517,30
9688,24
8950,21
910,20
9675,20
5428,30
1863,20
9896,20
9611,10
6781,8
5811,14
3427,6
6107,15
5819,11
5522,19
2874,20
435,14
8509,12
6040,16
853,6
9816,20
3398,30
5413,20
5674,23
9396,5
2255,20
6978,7
4941,30
8794,23
3801,29
9628,20
2067,30
1304,20
2967,20
9868,5
9061,12
5591,11
622,26
1078,17
4114,30
3370,9
4047,19
4345,21
8375,19
2832,29
3773,20
3510,27
7741,14
808,18
9118,9
7916,20
9158,30
6375,13
293,16
9597,21
6290,30
4544,24
4865,30
7647,29
6965,19
4723,30
553,30
6070,24
9391,19
2947,20
6109,28
5895,22
3663,21
7298,28
807,21
562,30
9535,6
548,25
7641,30
8413,21
2493,20
6443,30
5475,8
1124,21
6420,30
2064,24
3314,24
5423,30
1284,20
1571,21
967,20
7069,20
9689,30
9182,12
90,20
9357,25
8649,22
3880,30
6922,30
4354,22
1155,22
7775,29
2636,14
3934,18
8707,30
5221,30
6157,20
4541,21
5701,20
5519,30
1061,30
2945,30
2785,21
2387,10
5832,15
6081,30
9991,19
7708,14
9518,17
1787,21
9782,24
9067,25
5608,12
3079,25
4909,20
7249,22
9417,15
9200,24
5141,13
6569,20
9700,30
3372,14
8929,14
5468,20
8578,30
8352,29
1765,14
7532,29
5517,7
7478,22
1214,22
7276,29
3514,20
2999,29
5021,15
10106,12
8453,14
2821,29
5397,19
1493,30
7589,29
8845,30
7463,20
707,14
8836,13
4672,30
3313,5
8056,11
3912,30
3701,30
6521,13
6169,20
4805,30
3961,29
884,20
7605,21
51,20
5292,5
7838,6
2068,21
7877,28
2384,20
5074,16
2332,30
1094,5
5222,30
6658,30
4234,23
5004,7
7105,10
8553,20
8378,13
7845,30
8248,20
8729,11
9741,28
6114,14
7509,7
4029,21
3051,30
1122,20
6754,24
3220,15
9601,30
664,13
126,29
6842,13
9436,20
4103,12
7811,14
3242,20
2913,29
1591,30
1016,28
7480,29
4421,30
3341,14
4745,29
6707,20
2419,30
4126,31
6797,22
5989,25
159,17
8437,24
529,8
174,28
9376,14
9607,8
3965,17
1534,25
8209,21
4521,30
6338,6
3930,30
3578,29
7582,20
9152,32
5757,14
7313,21
3915,30
7365,19
6237,14
6259,10
9911,20
9373,20
2143,17
10005,24
9413,21
6845,24
4123,13
368,20
4398,23
1331,16
1292,23
6130,15
7595,19
3178,8
939,25
6914,30
9236,10
7711,20
7945,15
1070,16
2225,30
31,30
4357,30
8969,20
1594,9
6634,20
2205,20
7970,28
6315,19
4596,21
6529,13
382,29
7968,29
10033,30
5378,20
4918,10
2216,11
6751,30
556,15
6967,8
9136,18
2662,9
5826,23
9993,11
8426,24
7033,21
2877,23
5693,20
7444,24
9507,16
3209,8
5718,29
4430,26
5104,20
7015,12
7749,9
7516,30
1285,23
5143,20
4807,6
3394,24
3196,22
3766,22
6544,16
2442,21
8785,30
5427,30
7403,22
326,20
1166,22
7077,5
3623,30
7039,22
3583,9
2771,6
1045,20
4249,12
4927,23
899,20
1038,20
6103,20
7828,20
2767,15
8283,20
7086,30
6115,11
2977,21
124,27
2962,19
9160,14
2021,15
8994,23
9998,20
40,22
6335,30
5508,30
9416,16
8305,23
824,23
3645,11
4961,9
4319,20
2666,10
6035,22
1277,5
288,25
71,14
4631,18
9478,20
8122,15
5149,22
9065,30
5547,13
4837,20
7952,15
6640,24
2643,30
1784,30
3570,22
3548,5
7939,25
7881,30
7311,20
7531,21
2956,29
7332,22
4212,18
3512,21
10051,24
1352,29
10076,22
5828,27
6648,30
5470,10
10158,29
10149,30
10036,30
4303,30
416,29
1638,24
4510,23
886,29
5616,12
5126,30
5171,6
7295,20
6006,14
1561,21
7157,20
8486,15
1377,30
4920,30
6401,9
2687,8
538,15
9698,30
1972,13
7113,20
10009,23
3751,30
9721,24
252,19
1330,30
4180,23
401,21
1678,11
6426,20
5482,30
8856,30
3137,19
4015,21
7250,18
10037,10
6381,25
2252,15
9734,18
8492,22
4025,20
2574,30
4235,20
781,20
8883,24
3554,11
8024,29
5986,30
5498,21
5984,13
9375,7
5855,14
2147,20
5272,30
8885,13
8835,20
8084,11
6786,16
2517,19
403,30
8428,30
2849,28
9951,12
6808,19
4928,18
4165,30
6322,30
1831,16
7521,20
6383,18
2528,21
2777,19
5824,29
8333,21
4199,11
8598,11
1528,21
9272,11
7544,23
2403,21
3652,20
5464,30
2372,20
2911,20
4843,20
464,27
6250,12
1227,7
224,23
1663,9
954,16
8332,29
4290,30
9565,8
6215,14
443,16
1924,17
5248,25
3837,9
9997,17
1604,30
7054,26
5600,29
2991,29
592,29
9488,10
10092,8
2961,20
4899,30
8834,30
2382,28
7628,18
9599,7
3518,25
4042,21
6505,22
4384,13
2534,30
2819,30
197,20
3551,25
8190,29
1895,30
3813,8
10024,19
6935,23
9671,21
10177,13
1916,30
4356,25
7224,20
7286,30
9505,12
7432,22
9340,10
1998,30
4997,6
8804,9
7634,29
6484,11
2927,20
2539,17
10176,30
2831,30
2748,25
2788,8
7673,30
6405,20
5634,25
7614,19
1454,30
4585,16
2473,18
1969,21
313,30
8668,23
7802,29
5573,21
2381,12
7454,21
4634,14
8518,30
8914,30
4032,21
4630,16
5764,22
1051,30
5409,6
1160,23
4591,7
1898,20
2774,14
5684,20
1171,25
6982,15
6021,19
7329,26
983,22
1247,17
5808,22
8838,20
4013,21
7142,30
3621,22
629,17
1814,21
4279,14
7079,17
7238,30
4864,29
4617,19
7840,12
5463,20
175,16
1367,16
5064,21
8540,17
2022,9
3749,20
4981,30
1797,20
10055,30
8225,22
7732,15
9002,22
8147,7
4155,5
7326,21
6670,22
4355,30
6202,30
1662,24
1315,12
5364,20
5387,16
3161,25
3687,25
2672,20
7631,21
2527,20
2560,22
8319,21
3628,29
6128,30
3890,20
1897,11
5355,16
4201,18
413,28
7920,25
52,24
2217,17
768,27
6692,12
4418,30
8999,6
9933,24
2597,23
1902,22
41,23
5956,29
2783,14
6852,20
5166,14
2295,30
2130,30
4547,30
6438,30
10123,14
8066,11
9981,24
543,13
5005,13
6343,30
9419,11
1266,23
5544,30
3115,5
1595,20
8173,29
6147,30
2519,13
9873,23
10002,23
10094,13
3489,29
9009,20
1903,30
9245,30
350,19
8642,30
9772,29
5603,23
819,24
7559,20
4163,30
1366,21
8957,30
8840,7
9484,6
8206,27
3605,29
1295,19
988,30
3290,15
1527,23
1768,21
8877,20
2065,30
7145,30
1239,29
2012,23
9877,14
6672,30
8464,13
1754,24
9619,7
9429,15
9616,25
1200,20
9,5
9581,6
4603,10
2822,28
5117,20
7591,21
9865,10
9126,14
80,28
6403,30
7182,8
7937,26
8535,6
1397,15
5285,7
6371,30
7420,20
6099,25
2628,17
2603,30
8331,16
4953,30
2197,20
6052,19
8958,22
2605,12
5618,20
4164,30
2949,20
399,19
5449,30
8149,20
6976,11
9438,13
2870,30
5118,16
95,30
6847,15
1052,22
1701,19
5295,20
1158,24
1516,14
9695,23
6722,11
1626,21
2516,30
4343,20
7135,16
4671,30
353,30
8691,12
9071,9
9226,20
5227,22
7978,10
34,26
2198,22
5565,24
7994,6
5313,30
5602,25
8807,30
8401,20
123,26
4505,20
7985,29
1736,17
15,30
9902,30
2296,30
7304,20
1275,30
3667,15
987,30
2138,14
4563,24
9112,9
6140,17
7229,14
9469,7
8995,9
4348,18
6762,25
8656,30
4891,30
8596,21
3632,24
5483,6
2623,16
619,23
714,22
9042,21
1187,30
1993,30
8137,28
1613,27
4822,21
3818,6
2465,16
9354,11
8516,20
6738,21
4828,30
1310,19
9461,8
3335,6
3343,5
3270,30
6735,28
7610,23
9694,20
4621,16
2070,30
631,29
7102,16
3756,21
1790,23
8562,30
1838,20
2596,9
3301,12
4564,10
3918,22
9267,13
1660,30
8184,29
5789,13
4255,30
3257,8
6120,22
9580,10
8156,7
4322,20
959,21
9148,7
8039,14
157,29
9090,30
5445,11
2881,21
447,30
10083,30
2322,11
8549,30
5265,16
2159,16
5028,30
9305,23
2248,23
1131,7
9321,21
263,27
721,23
6812,17
5376,21
5029,30
9233,9
6957,21
5368,20
5180,30
9517,20
7717,7
7372,16
7257,20
6436,9
9315,30
8229,7
4102,30
3865,10
600,30
64,29
3668,24
3393,23
9346,14
2447,21
5175,25
5745,25
991,30
1915,24
3165,23
9442,22
8448,30
6160,14
2371,7
7799,24
5864,23
8009,29
6502,30
729,9
2833,24
363,30
7835,14
4117,22
7967,26
5011,12
7812,14
2483,30
3989,30
1816,6
6452,30
1178,15
1398,23
6083,28
1217,16
1288,30
3919,29
7377,7
1866,23
8157,20
2102,17
681,13
1805,30
3222,7
2326,12
4946,30
7141,22
4175,18
8145,20
284,30
5009,21
8434,20
3841,20
8538,25
4366,20
5330,20
1316,22
542,28
8784,9
8881,13
5125,30
8689,21
7144,20
5874,18
4522,16
3953,6
4835,5
7221,19
9273,5
5963,17
6554,7
1941,20
7619,28
5732,30
9110,14
2061,30
747,16
7169,29
3369,5
4344,10
1853,20
8678,9
8382,23
2299,9
530,24
9531,9
3895,30
7734,13
3733,17
7519,30
145,29
8723,30
5742,24
9526,20
6143,30
5896,30
6590,7
3555,28
817,22
5887,9
8859,12
8560,30
3381,21
3174,21
4614,20
7672,29
5278,6
227,20
9055,10
2620,8
7675,20
6690,19
748,19
5521,21
4035,30
2568,21
3152,5
2729,25
7701,20
9637,15
1556,9
9156,30
8067,12
7687,21
5848,25
6026,6
8354,26
3594,13
743,21
4293,30
2741,5
3637,13
2922,13
502,18
5936,12
9509,22
3874,22
9380,16
1632,11
58,25
5690,16
4504,25
8778,26
2416,30
4849,30
9363,19
8517,14
688,27
6302,8
1358,24
423,29
2170,24
4584,5
48,24
9659,7
4197,30
183,15
3383,30
1172,5
2028,18
6804,20
8465,16
726,12
4705,13
4495,15
7442,20
4531,11
744,24
3226,19
6524,30
1408,22
1580,30
5494,30
6872,12
9119,30
7962,24
2075,20
4326,30
7070,30
6963,20
9414,8
7839,20
6660,9
8335,25
4396,15
4720,30
7731,20
5167,21
3719,30
2104,14
1950,20
1372,12
1693,20
1097,22
7542,15
3812,16
4748,13
8675,20
8767,21
4576,6
7441,21
8100,28
3781,29
195,24
794,26
2631,14
429,12
4890,20
6028,18
2345,22
7154,30
3692,7
3150,6
718,24
9608,25
4794,30
1676,25
1928,21
9439,9
6186,15
5918,29
5700,26
4054,30
1769,21
9999,5
6884,22
8552,25
6645,30
9026,30
3018,16
4816,30
531,19
8909,30
1286,18
5115,14
4587,11
6666,20
10136,25
4079,18
308,22
1704,20
5962,8
7913,20
4800,10
5860,18
10052,21
6106,25
7616,20
3742,12
2370,12
1487,12
1770,30
9434,21
7768,30
6333,22
9826,20
2083,30
8687,20
2056,8
2573,30
1872,19
771,22
9863,19
6801,18
3352,20
5418,30
55,29
6696,30
9043,20
5092,30
5210,30
8547,30
5135,30
2752,22
8568,16
6112,30
6046,30
1445,24
3442,17
9311,12
9133,25
3822,5
782,29
7382,20
5421,18
3100,21
77,23
1244,18
3188,30
4278,7
7502,29
7692,20
1418,7
6104,17
5730,16
8075,29
6591,13
809,13
9521,11
7895,21
4476,20
874,24
575,22
454,19
6652,16
8660,30
6576,30
5370,30
8824,5
4604,18
5671,9
4264,16
1656,6
6477,11
398,11
5884,29
6481,20
617,16
2665,20
6082,30
8141,29
4575,22
2619,25
1724,22
8654,30
1712,10
2190,30
3850,16
4378,7
6831,20
4595,8
9711,30
661,30
391,25
8900,19
642,21
4439,30
2397,21
5083,12
1552,8
2071,18
705,22
3180,25
2005,5
189,7
820,14
1273,20
8449,26
3206,20
2051,20
770,27
9122,20
3715,11
10142,29
2917,6
6545,20
2924,30
1341,30
5999,12
5654,11
3030,14
6317,16
695,13
521,27
3289,21
4205,13
2640,21
8282,12
283,20
1607,30
4109,24
367,20
9574,10
2053,20
8043,22
9487,13
941,22
9624,11
6997,30
547,29
8600,14
1657,30
6003,22
4364,20
4838,19
6460,8
8494,30
4462,30
2328,8
746,21
9878,30
7640,23
1095,18
7874,29
5930,25
9771,5
1233,6
4066,11
906,15
2042,20
5909,20
4526,20
1473,24
9426,10
7312,27
7934,27
6706,12
1375,20
7197,10
3377,30
6944,20
1220,29
10030,18
9408,7
2736,25
9111,23
5307,20
5014,8
2479,11
8447,6
6807,21
8048,5
7008,22
8599,21
1665,18
4825,30
1328,11
3318,27
6397,30
5327,25
1290,6
6108,30
1031,30
2178,29
1262,20
6101,10
4646,15
9843,30
482,25
8805,10
2970,25
1801,21
2864,29
8180,20
4542,5
4169,20
5696,30
6994,30
2963,28
8799,30
9545,8
8402,15
3326,10
5081,18
9326,7
7247,20
8108,14
2099,25
7977,18
5410,30
1242,9
4358,24
3426,5
4697,30
9374,21
8811,13
9947,20
6883,12
3533,6
5938,30
9554,12
8949,13
6942,17
2556,5
9427,8
2050,23
1011,30
1550,30
6867,8
2043,10
4964,12
5725,17
3649,20
1918,22
3069,18
869,26
892,20
1405,24
5377,17
10119,25
1091,21
1207,29
4187,20
7388,5
5363,10
2110,30
8756,15
3762,30
3679,22
5429,16
172,26
5102,21
4012,16
5101,30
3197,19
1431,15
4609,30
1837,20
7064,20
3491,30
8506,30
1551,20
4817,20
5849,25
7030,18
1874,30
9676,20
9930,21
3979,25
4678,14
7563,28
985,30
2853,7
8119,20
8104,19
1727,19
8781,20
9576,24
6918,21
9566,20
10070,30
6840,21
5719,14
7384,30
9971,16
5908,17
751,9
4198,24
3640,20
551,19
4583,30
5096,30
5324,20
7766,29
1598,18
5059,21
8314,23
6697,13
9335,6
8558,30
8688,23
7132,21
9433,20
528,25
6908,13
5505,18
4173,8
7677,25
7976,27
5786,30
3738,22
6095,20
3656,21
1138,15
4791,21
6242,20
394,30
4801,30
891,7
3108,13
6448,8
9483,24
8908,19
5405,13
8524,16
8990,20
5395,14
7080,15
7697,21
8937,20
504,15
4313,21
10099,23
4129,15
3353,28
4757,11
6749,23
7116,20
291,30
171,30
2169,20
9532,24
5299,5
7944,9
772,29
4857,6
247,29
6339,30
8003,10
7975,27
7852,24
1647,15
6033,18
9277,30
8187,22
858,26
8977,12
1274,20
8606,20
6304,5
352,14
1526,6
8046,20
6782,11
5080,7
5526,13
7027,18
2254,14
7047,14
6086,26
3906,5
7613,30
6499,9
6863,20
3933,8
1105,11
6962,10
5090,20
570,18
5027,30
2315,29
6014,21
3295,9
5183,19
7715,20
3228,12
2798,5
4827,11
2941,9
3248,30
4417,22
4747,30
1179,22
5063,20
2841,25
1003,30
1332,20
6176,21
9691,10
9905,8
9425,13
3714,30
1433,14
1393,30
6236,30
6890,11
2521,8
7696,5
2802,6
6206,21
5388,20
6092,20
5121,15
166,21
2,8
2404,22
299,15
4232,22
8070,27
2154,29
8622,13
4702,30
7240,30
6233,15
9914,21
9093,20
3076,23
5588,9
309,12
10039,22
7230,21
4551,30
5441,20
8879,30
8685,30
1705,20
6150,15
2124,30
2470,23
6902,11
7056,21
7950,28
3049,21
63,21
1234,21
7446,5
5818,23
606,12
8710,30
4061,30
5531,21
259,29
8854,30
4889,30
9804,20
6344,30
3683,16
9622,19
9114,30
444,19
8529,30
2653,20
1977,30
1681,22
68,28
6041,14
7765,17
1040,22
3099,9
8454,30
2436,8
16,9
4528,20
5851,16
1775,22
7046,28
4675,24
395,30
2453,15
838,10
8475,9
320,29
4486,21
3882,30
2720,7
8711,9
5338,30
239,29
8843,15
6913,10
785,12
295,30
1357,22
9777,7
7061,11
6953,21
4690,12
5572,6
8941,21
8667,30
1624,30
213,26
3015,20
285,20
3567,6
2274,18
9845,8
6522,15
3156,8
6252,7
7485,19
6716,24
8439,21
2317,20
3949,24
2895,5
4512,15
8792,15
8353,5
5748,30
5678,24
7903,12
3417,20
5640,30
4513,19
8706,30
2008,19
1917,6
7743,30
3486,5
3390,20
3041,13
5905,30
7746,20
1820,24
8683,25
4498,30
249,5
2634,21
546,7
700,19
7722,28
4938,5
4112,30
8243,21
1954,11
9707,8
9572,7
198,28
4487,30
5067,22
7103,15
2276,18
7552,30
7713,6
2057,20
3691,16
8411,14
2011,30
7314,28
1299,23
4245,30
5492,18
9430,9
115,22
4329,5
9172,10
5707,13
8238,21
8855,16
7437,22
4502,7
5553,13
5923,23
6222,13
2377,8
6585,30
9188,13
4222,7
1791,11
3957,30
6602,9
152,9
9972,21
9945,30
5258,22
10018,23
1668,23
9582,6
9681,20
1115,29
5280,9
9127,9
4046,8
7520,17
3580,19
5111,10
9153,25
3214,30
9920,10
9381,8
9682,30
4939,13
4272,24
9137,30
9620,23
2048,20
6312,22
616,5
850,15
9872,5
5803,6
3539,29
8451,24
2950,10
4252,30
8801,21
2998,25
9809,18
3275,21
1518,19
9249,5
1283,23
418,23
9151,30
6255,13
2875,23
1098,9
2133,11
3057,9
4224,5
7654,13
1066,30
2357,9
6834,15
6451,9
3044,8
7100,24
6686,10
1327,15
9851,8
9536,13
9893,9
3985,20
6991,23
3065,10
1478,21
6444,21
2975,22
2311,30
7374,19
5270,6
7205,19
4037,13
7339,29
5057,16
2890,27
6048,28
7139,15
1909,13
2944,20
8094,22
3009,21
4753,7
2171,20
9175,23
7217,6
1869,23
9602,9
9537,6
10045,25
6607,21
4823,20
3005,21
734,23
3217,19
2572,30
4737,11
9395,23
8893,13
4008,18
1196,26
9538,14
6264,9
1381,19
7773,29
1231,30
2946,25
3509,21
1868,21
6757,6
9141,15
3250,25
1500,21
9220,17
2137,18
9662,7
5646,14
5804,12
3322,20
9556,23
9575,7
2566,18
3834,16
131,7
9099,18
1644,18
8519,30
6993,5
9205,19
3453,18
3836,20
6838,11
9421,20
3810,7
1766,5
9553,22
7901,30
4068,30
6392,16
1858,23
2624,15
1436,11
8376,30
3292,20
258,25
8764,20
6833,23
4879,30
7394,20
7099,25
9238,6
3198,30
305,30
6480,12
7118,14
6776,23
9147,5
112,12
8911,12
8284,21
3104,11
4040,19
5733,16
7507,29
930,16
7787,7
5629,20
764,27
7219,7
9092,21
8798,30
9418,12
3754,8
9265,13
8966,30
979,20
5277,15
6262,30
4172,30
1609,20
1545,20
6374,9
5589,16
8090,24
4676,5
2702,14
2852,11
7366,23
9573,14
2155,30
6167,22
7907,20
2449,7
5274,30
1744,30
639,10
491,27
7997,17
3300,20
7097,15
7683,20
7287,11
9500,22
6015,20
3763,24
802,20
129,24
1599,28
8753,6
8490,8
6331,20
9291,10
2817,19
9347,25
610,23
1759,22
2179,25
101,29
7596,30
30,18
10060,30
294,20
7215,6
2750,22
6653,21
9613,11
1313,25
4968,19
7684,28
8647,16
1671,16
8523,22
4804,23
5455,14
750,25
537,8
5838,13
2657,10
1348,30
154,8
9593,5
7551,14
1987,6
4846,8
1888,30
9424,5
450,22
10173,30
7150,25
7035,14
6471,13
8103,10
2635,17
2100,21
5615,22
9303,18
5099,19
6916,14
9480,5
8065,20
8925,12
9604,10
3297,6
2876,20
4383,20
5711,13
2570,30
1504,20
1380,17
4650,30
6732,20
4091,5
8716,6
7466,5
7016,10
9154,12
4132,20
839,25
7501,19
93,21
1567,10
4254,7
2157,6
8953,19
3710,18
99,21
9952,9
623,22
8016,28
70,22
2132,20
6393,7
7550,20
5435,21
2017,30
9486,5
1141,17
6871,19
36,11
10131,12
864,18
3596,16
5974,10
296,21
5660,25
315,23
8563,30
7649,16
3122,16
3285,10
3219,21
9793,15
2682,9
7383,25
1426,20
1047,18
7297,28
2343,5
8557,11
2990,25
2661,29
4999,30
3310,22
3878,7
7530,8
5831,7
9820,22
3245,5
2139,17
1238,13
1847,8
7933,6
5155,7
8106,14
1087,19
5070,10
4743,13
9142,20
1605,20
7660,7
6497,9
72,5
8610,25
7098,6
5163,16
1202,8
8183,20
6507,21
3384,9
7656,20
4073,6
3073,6
4415,7
823,9
6466,20
2531,13
7349,30
773,21
8896,30
5362,20
7090,20
5367,8
3420,18
701,11
2626,5
3616,8
7927,21
6511,23
5440,23
2351,18
8483,11
4010,13
1451,21
7065,20
9787,30
6581,22
6969,22
3505,10
9666,10
1108,13
1783,15
4081,6
10049,15
8358,20
5645,15
1333,23
7134,20
1870,11
6020,14
6211,29
1772,10
60,19
4921,15
7801,18
1219,7
10140,7
6205,20
3971,10
6131,20
9871,10
5436,19
1378,22
3546,30
422,24
2549,10
8292,6
5533,19
7969,20
6685,29
4391,12
1112,9
8306,25
1458,21
5906,20
9024,30
9227,8
4137,30
2826,11
2183,9
9829,9
7281,5
5796,6
7955,5
5967,17
6699,14
5066,20
7289,11
9640,7
8256,18
4461,7
3254,5
3821,18
2434,10
7506,30
9609,12
8738,22
5868,22
3123,9
7455,16
2787,20
9788,21
996,5
3519,20
7938,24
9312,8
7285,7
2281,17
1409,5
7996,17
5308,7
6897,9
4092,9
5012,21
6063,29
5133,30
4789,9
4097,13
7527,13
9995,5
3455,11
2738,10
9364,5
9329,13
3571,14
5403,6
4698,16
6089,29
554,13
3914,5
6626,21
2113,24
3797,11
960,25
7392,30
3230,8
6512,9
9003,7
5898,16
9164,8
9590,13
3424,14
10133,11
3704,9
8112,30
5673,9
8195,30
4749,6
9749,17
4471,8
4033,15
7447,20
3323,20
845,21
3695,21
5692,20
5844,19
9361,21
5859,19
739,25
7389,17
581,12
6127,30
6012,30
6606,14
10048,10
280,12
6548,30
9471,16
6218,21
1191,11
6113,11
8867,30
703,9
4320,11
5443,14
8408,23
1237,29
5219,25
6793,14
1522,22
3964,20
4467,9
7425,10
2964,20
6775,5
544,22
1741,7
7026,27
672,23
2282,10
7622,9
7780,11
6717,12
9835,6
5105,8
5587,21
948,17
2994,9
9677,14
381,15
3783,6
6839,12
9887,20
9723,20
9750,7
9514,11
8993,8
3967,11
9420,11
7043,6
7006,15
6873,5
2014,30
1020,13
10125,29
6378,7
7809,9
329,5
9634,10
3606,5
2644,14
4330,25
3096,20
1177,19
1466,22
1139,9
1777,10
6478,20
3101,19
8220,24
2302,6
571,11
7500,11
4162,30
38,30
2622,20
6924,22
1492,12
1687,22
1912,30
3894,6
9528,20
5048,9
6226,7
6728,19
3809,16
4375,16
7847,13
9803,9
9293,8
2719,8
5889,10
6596,30
4368,25
182,14
5802,11
9113,6
5644,13
5782,21
4933,5
9322,12
133,27
5232,24
345,18
5259,17
9765,12
3171,20
1933,5
9350,26
3319,19
6639,10
7979,20
3891,12
1802,11
812,9
10053,10
7198,24
970,20
9880,8
9665,6
2731,23
2227,5
4107,13
404,30
9266,8
4515,5
6668,11
3973,5
7262,7
3697,30
2103,9
4468,17
3740,22
6900,7
3889,9
7973,9
2569,17
711,5
3970,12
8047,10
6431,15
6599,9
3993,30
9378,6
722,6
7146,8
9735,7
6437,10
962,8
6948,13
6281,9
8310,22
2145,7
4718,13
8080,29
9044,13
7909,5
9699,5
8311,23
436,28
4280,10
7433,25
409,30
8113,14
7218,16
5430,7
3233,6
9278,11
9167,12
6816,26
6402,9
9867,10
1394,30
9327,18
4095,15
5652,8
9371,11
4572,18
7906,19
3722,19
1692,5
8109,6
9649,5
14,30
4599,15
7825,9
6154,7
4898,8
1688,18
2462,20
4569,20
316,19
8462,14
4105,11
6146,19
9107,15
2614,11
9406,8
9503,7
6628,30
9235,8
2000,5
3271,8
1798,6
4390,8
9498,9
8502,8
2060,5
2892,30
9330,14
8013,7
2375,20
9368,8
3709,6
1502,14
5525,10
4878,18
3909,7
2288,30
5381,14
4787,20
2234,6
3660,5
1894,25
512,13
5981,5
9337,12
3320,23
2212,7
5928,30
5779,18
3269,21
5834,20
161,10
282,18
1963,24
6974,14
6061,5
405,15
6068,7
7635,7
4977,12
2541,9
4665,7
1788,14
9318,10
3796,9
9095,7
4536,17
6889,19
9076,24
9103,13
9475,9
6879,5
6321,8
816,14
2803,10
3461,20
6423,12
8808,5
8257,20
3650,12
1165,18
3677,9
7486,16
6051,18
4729,6
4736,11
3682,9
3498,9
4499,16
9956,14
7772,14
10121,6
2647,5
2456,10
3885,10
7347,19
9650,11
2482,16
602,14
1576,6
7461,5
8162,10
9437,9
3658,7
6861,20
8612,6
8315,6
9982,18
2993,19
5971,6
6595,5
908,10
498,17
6737,13
202,11
3244,19
8780,5
10150,5
1465,20
5877,25
5045,6
9080,10
2376,7
3479,7
44,5
1796,11
6941,21
6975,16
6778,11
9660,10
9668,6
6122,5
5392,10
1049,8
8650,13
6835,6
9132,5
9251,9
3110,8
6910,6
1706,23
8583,11
7470,10
4799,6
8128,9
4444,6
7456,5
9336,5
9030,5
6493,5
9479,5
6489,6
4714,14
9563,6
3086,6
2686,5
709,10
3274,12
6034,8
2829,6
8730,6
9558,5
5862,15
762,8
1118,5
10078,6
5339,10
3674,5
4134,16
9654,10
6409,9
2361,5
9492,11
4325,5
3251,5
4635,11
9270,9
6542,6
4845,13
5257,5
4489,22
8132,6
2363,10
9882,8
9052,13
1067,12
7324,8
3828,11
7637,22
4020,5
6870,11
8160,5
9520,12
8253,15
2742,6
7472,6
6615,5
2691,9
9242,14
3309,11
5612,14
7842,6
4640,8
3905,5
6664,14
6866,7
9806,6
2751,23
7580,27
9066,6
1404,9
8782,9
6525,10
9752,5
6774,5
2675,13
1771,5
2585,14
6519,10
3947,9
9922,14
9626,7
1666,21
2052,6
3718,5
9839,9
3371,6
7319,14
8604,9
2421,5
9282,6
10137,5
5439,6
6960,7
5912,9
4645,6
4815,6
4104,5
9648,12
6527,10
4285,7
9493,5
8000,9
9281,8
2968,7
2677,5
2207,6
3827,5
662,7
8996,7
9655,10
9462,5
6869,5
3387,5
10079,5
6968,8
3819,9
277,13
8680,5
1000,8
6425,14
8362,6
5675,7
9625,10
3373,6
6671,5
4888,5
5408,7
11,10
7941,5
7492,5
9338,5
9644,10
10017,6
9557,5
2901,5
9658,11
9667,6
8396,6
7117,7
5496,11
2504,5
590,6
9844,9
7682,6
6800,6
2401,7
8791,5
8360,6
9959,10
8038,5
3752,5
4007,5
9942,6
9540,7
6328,5
9294,6
9465,7
6611,6
2594,10
2795,29
947,29
18,20
1201,30
4442,25
4441,30
2327,20
1198,30
2700,14
953,30
114,30
1212,25
3440,30
4183,30
1010,9
383,23
880,19
3553,10
3315,30
4706,30
1157,29
4307,21
462,29
786,22
2554,20
4607,6
2888,29
3521,30
2466,23
1978,25
2599,30
1293,30
1053,11
2200,25
2587,24
4780,22
1455,30
1298,7
4601,30
4210,30
3901,30
730,26
4537,30
1899,30
4071,10
2860,30
4276,30
2592,19
3200,20
3348,20
4084,20
2745,25
4141,30
3997,23
3627,16
1395,30
2485,19
580,26
2287,18
796,26
4346,30
835,27
3189,21
4733,17
97,28
4185,12
2163,25
1664,30
190,27
232,21
875,21
3039,7
1809,30
3665,28
2763,20
1403,22
514,21
3857,30
1329,16
3755,30
4177,30
229,23
4911,30
4243,26
1485,25
727,29
2834,17
1715,30
2843,30
2600,21
4518,30
2237,27
1717,15
3157,30
1085,20
4404,22
944,28
4453,30
2762,30
624,20
797,25
3395,28
4779,14
604,28
2981,30
2478,23
3134,30
4493,30
3772,28
209,30
1001,22
2122,30
400,22
2044,30
4696,30
2041,8
1645,25
1789,19
2271,8
2985,29
4560,30
428,21
4655,13
2034,30
2906,16
2182,30
787,28
1120,30
4038,29
3506,20
1133,21
1026,29
3782,35
1698,30
859,27
1673,30
1036,23
1046,25
4809,15
4766,16
650,30
4160,20
3182,30
1992,18
2283,29
4465,30
349,30
780,25
3091,23
2001,24
1587,30
2899,30
1055,20
1927,30
1621,16
1075,18
1498,30
235,30
2765,21
1188,30
2452,17
3527,29
4460,30
3391,21
4149,30
2162,22
386,29
4656,13
4335,21
3944,16
3685,28
3409,20
4049,30
241,16
1210,30
2348,30
2884,30
1846,12
1032,30
193,11
3252,19
1921,22
1827,17
1588,30
851,29
3234,20
776,29
1876,21
3974,25
4001,20
2726,28
439,28
3330,30
2498,29
2716,26
4523,23
3350,29
2836,29
2809,23
460,29
2546,30
205,27
2047,24
3950,21
2810,30
774,25
2177,25
3033,30
2827,11
2109,16
822,19
735,30
1905,24
4869,23
510,30
1497,20
4381,16
2037,25
2563,17
3917,15
3464,28
365,30
3851,12
4516,30
3726,15
1590,30
4834,30
4064,27
1529,29
627,26
104,29
3508,30
208,20
3040,30
2039,20
2957,30
4533,20
1043,30
4558,30
2016,20
1651,30
4763,15
533,21
842,26
261,26
4580,30
1042,15
1901,15
1468,30
108,28
242,20
3059,30
1631,30
1203,20
1855,21
532,20
2411,30
3940,20
2284,24
451,21
4559,19
2398,30
109,17
720,14
4331,24
2648,18
653,16
1230,29
1302,30
3589,20
1211,24
2289,29
2265,20
330,26
643,24
2270,30
2846,30
2618,14
100,28
870,20
1353,19
2379,25
1845,9
3559,29
319,10
830,20
2489,17
317,28
3611,21
4050,20
2468,9
4772,12
4261,30
1306,30
3607,28
4140,22
4069,25
1089,30
3576,24
4397,19
3541,20
3811,30
2476,8
4213,30
56,30
4432,21
173,24
3770,20
2431,22
3661,30
3557,29
2565,16
1430,21
3768,30
106,24
2823,30
609,17
2059,20
1675,30
4713,25
1884,30
1506,18
3776,20
62,20
3913,11
4712,30
2538,7
3556,30
2932,20
4680,23
4242,30
1547,21
1144,6
1494,23
1235,20
2115,29
2547,30
4228,23
928,28
1355,13
3490,30
4555,30
2374,30
1582,30
2540,16
3232,12
649,30
4077,30
2308,21
752,17
4440,21
3619,30
3991,20
2903,23
4851,18
1572,29
1569,30
2625,25
2491,29
2467,30
379,20
148,25
1018,30
3716,10
2405,14
3253,20
4055,30
2676,22
2840,28
3349,14
3826,30
1877,30
2500,29
3483,22
2002,30
2023,26
4030,30
2557,18
1460,11
965,29
2758,30
4474,30
4861,30
2523,30
759,25
1006,28
3707,20
3864,30
2407,29
3532,28
3155,29
1411,30
4263,30
373,29
2776,25
1469,30
4669,30
3227,35
4023,28
4182,7
425,28
4078,25
1444,21
158,25
1071,11
4086,12
3028,30
214,28
1063,19
1920,25
3493,9
2107,20
192,30
1346,30
2457,25
3281,20
1060,22
2845,25
2471,30
1934,30
162,21
3639,29
3642,14
1324,30
480,28
4670,30
2982,12
3566,25
4076,30
287,21
2828,29
1519,30
2496,30
2246,30
1642,30
620,27
1637,20
568,19
2091,7
1971,19
4517,19
3574,22
1117,23
2112,19
1908,30
3902,21
4389,20
1428,21
1065,16
1140,30
2733,21
1462,23
1136,30
3530,28
840,8
981,30
555,28
1558,29
297,20
1325,20
2152,25
1399,21
1689,30
2943,20
628,18
2149,13
4683,14
479,8
573,28
2989,20
1600,22
1090,30
4624,25
4862,20
2681,25
2838,23
3877,21
1017,21
4688,6
4525,25
634,8
2165,21
2739,20
2723,23
2203,20
767,26
3092,29
756,24
3844,20
3838,9
2894,20
793,19
2272,21
1641,30
971,30
2096,18
1807,30
2616,11
2490,18
3743,14
3647,21
518,27
1677,18
957,23
3141,21
3759,22
2737,29
3799,29
3816,12
2123,18
937,15
1009,20
3577,20
1243,24
3368,21
1953,20
3927,9
1542,30
473,21
2842,21
783,29
3859,30
321,9
4277,7
4602,30
3496,30
1999,30
1119,21
3075,20
3524,30
2373,30
1037,30
1891,20
2166,5
2004,23
484,15
3000,29
685,20
488,9
3255,30
2685,28
1882,30
666,24
4740,31
3113,30
4204,30
887,23
331,26
2886,20
2180,30
1240,25
499,30
2303,30
2195,30
1635,23
550,22
3734,20
1081,25
228,21
2273,15
2536,12
3879,22
540,13
4820,21
4193,17
3897,21
2256,15
1520,25
1027,30
1044,30
2007,20
2167,30
2973,30
3487,11
1615,21
3241,20
625,20
4311,30
4681,9
2933,5
2226,25
286,11
2087,30
4098,20
3653,28
4017,30
3347,29
1164,30
4917,21
1983,18
1059,30
3507,29
1190,9
2089,15
777,7
637,17
1832,21
1906,28
2639,23
3360,22
1308,22
3924,22
2359,18
549,25
4545,23
2393,30
2347,17
3903,18
4663,29
4773,30
338,29
4657,21
2790,30
715,6
4248,22
2279,30
916,27
2094,19
3194,7
1625,30
217,17
1461,9
1658,20
978,30
194,21
1464,20
4850,21
4370,16
699,21
275,20
1282,11
3385,21
1843,23
3657,23
1732,12
441,29
3236,25
2365,13
1755,30
2020,30
1184,21
1792,17
4413,5
2369,20
4818,6
4907,22
4113,15
2658,21
921,20
3495,20
1826,23
2319,23
1544,30
3430,21
686,26
1922,8
4139,30
468,30
1722,30
1794,25
4423,30
3703,9
1562,25
2108,23
1013,23
2027,5
4110,30
125,26
1342,5
4420,23
2987,30
4147,30
2779,30
2664,13
2211,19
4034,20
1964,23
2418,25
1072,14
3011,16
1151,30
849,26
2497,20
393,29
4144,24
3037,30
1597,19
1257,13
1627,10
2312,20
3117,30
1162,6
788,27
2544,10
3397,30
376,29
3132,12
402,11
3470,19
1440,30
3111,30
2172,16
2851,20
1881,23
3666,10
327,28
949,28
2119,30
3093,21
2003,12
4557,6
4302,30
4699,30
2995,23
4738,8
2604,22
4260,20
3358,23
1386,19
3211,30
461,28
3366,7
2437,23
3624,25
1249,23
1703,11
2704,21
3435,25
2247,16
986,30
434,20
1251,13
2395,11
4684,19
3939,5
2637,22
2336,25
3116,7
4552,20
3935,13
761,11
4312,30
678,27
3937,13
4241,13
3355,9
3694,21
717,5
2278,25
1782,23
1708,30
913,21
4756,13
3218,13
1841,25
3547,29
893,12
877,22
1323,6
392,19
1932,21
4372,30
140,27
1740,11
3731,22
1082,8
3246,29
1314,30
2590,17
1291,30
1280,20
1185,19
2164,20
2799,6
2919,21
984,29
2455,9
3595,12
828,8
4643,30
2555,23
836,18
431,8
791,5
4458,30
1254,8
4707,20
3956,13
3820,7
2959,20
2923,8
3064,6
736,6
465,22
4115,23
1154,30
4488,24
1406,8
915,24
3873,18
4188,5
3176,20
4106,9
2740,7
276,29
4524,20
4844,22
4494,9
577,29
4443,12
3140,30
4592,10
1981,16
738,7
3471,10
1321,30
1252,17
219,5
3503,20
3814,10
2641,10
1713,30
3215,20
3565,25
1415,30
2743,14
4388,30
3399,15
2422,21
3815,19
3584,14
3223,20
298,8
4282,5
1849,22
4022,11
4615,8
1893,12
3237,29
2341,20
369,20
1229,9
4812,24
3224,11
3283,17
3513,27
4632,14
1967,30
4158,14
4075,16
2474,16
1532,12
4797,7
4360,12
2324,24
4896,6
1719,18
1320,20
1653,18
2850,5
3074,22
1350,19
3187,20
4009,18
519,23
572,7
737,7
1004,20
4451,21
3266,14
2659,8
2789,18
3362,7
1123,6
3644,5
854,23
4072,20
4131,10
2589,7
472,9
914,6
1779,21
1109,5
4641,7
3072,7
2551,8
2188,5
2825,11
3601,8
2525,6
254,10
2378,10
1758,8
3163,24
4668,10
2388,15
4377,15
120,17
3451,5
753,5
635,7
3552,5
558,6
2077,8
4184,6
2223,5
7760,30
7988,29
5858,10
4930,23
9739,30
7407,30
10154,24
6190,30
7862,27
5872,19
5010,7
6221,25
8659,30
9411,21
5941,30
5241,11
5774,30
8777,30
8533,22
10001,30
6177,30
9603,6
5301,30
5624,20
7712,29
9874,30
8154,25
8745,20
7570,29
7037,20
7776,25
6272,16
6011,22
7269,23
7736,12
10075,21
6433,21
9864,30
9466,11
9102,30
5568,22
9827,25
6959,22
9260,20
5778,10
8124,15
9584,25
7752,22
8445,23
8561,16
9284,20
7900,29
9343,9
9173,20
8880,30
7598,25
5458,25
7370,23
5665,25
9692,29
5735,20
9737,30
10027,10
4973,30
9453,20
7236,29
6743,21
5075,23
5148,30
5773,22
8297,23
6846,30
8918,30
7910,30
6399,30
5354,30
9073,30
6313,7
8963,30
10152,19
9499,21
6472,30
5567,30
8027,21
6789,30
8101,29
9799,22
7306,29
6794,20
8416,22
6075,20
9717,23
5840,30
9755,30
7908,27
5478,22
5676,30
8625,30
5462,11
8244,20
7592,22
7986,29
8395,30
9768,30
8985,30
5100,30
5929,29
7206,30
5260,30
7130,14
9988,29
7121,21
6726,30
6824,30
7327,23
8255,21
9856,19
5275,20
9909,20
7111,20
8188,26
7258,21
5651,18
6093,24
9232,24
8726,30
6135,30
5958,24
9010,30
6766,19
5768,30
6745,30
5975,21
6010,18
10090,30
10059,30
5524,19
9394,17
8421,20
7050,17
7362,30
9763,19
5224,30
5614,29
8344,7
7062,20
6638,19
8164,30
7002,30
6676,30
6057,15
9400,20
9621,20
6506,7
5158,30
7912,18
6187,30
7567,30
8757,30
9762,23
8621,30
9377,13
7226,30
5252,30
8527,22
9149,30
8931,30
8634,18
6763,20
6195,30
7429,30
8131,19
6919,21
5968,29
5084,30
8499,30
9005,6
6855,23
6650,30
5760,30
8479,20
5613,30
6937,24
9162,30
9178,30
7886,12
5276,30
9244,24
8541,22
7652,22
7876,29
7753,5
5072,30
8572,30
8041,29
6528,20
5294,19
7681,22
7156,30
7990,29
7245,30
8296,20
8015,28
7193,30
5570,30
6973,30
10132,30
5349,9
6494,30
9713,30
7112,20
7727,13
9128,30
8337,23
8673,20
10153,24
9784,29
8951,30
6655,10
10102,30
9255,15
6567,30
5497,10
8986,13
4978,31
8731,22
8301,14
8234,21
9812,30
5988,18
9852,19
7087,30
5098,19
6734,23
5426,30
8098,30
5743,23
8415,30
5169,30
9857,29
5987,30
6964,9
9859,29
6454,30
4996,30
5159,30
8307,22
6700,20
6920,30
5385,21
7533,30
9146,23
5284,20
7510,30
4998,30
5563,30
9680,30
7823,16
5535,19
6274,11
8841,10
6219,30
7325,29
5216,20
5506,18
8105,17
5770,30
6360,13
7473,13
6196,16
6269,21
6896,21
8789,30
5192,14
5691,21
8861,30
7573,30
9898,20
9550,20
6284,30
9342,7
9256,32
6080,30
8821,20
9715,29
8775,21
9025,24
7590,10
9472,26
8231,29
4931,30
9732,29
7548,30
8787,30
7729,23
6421,30
8984,30
4992,30
8005,23
9445,17
5467,20
7160,23
6748,24
10025,30
6956,30
6538,9
10007,20
9062,23
7679,29
6687,16
5134,5
8201,24
9497,20
6589,21
6153,28
6225,30
7194,20
7707,30
9481,11
5820,20
6370,30
8713,20
9832,29
7468,29
6632,24
5520,30
9276,30
7395,30
5576,17
6029,18
8873,25
8144,16
7155,12
6197,20
9170,6
8169,21
5658,29
10109,22
6617,10
6604,22
7813,19
7607,30
5237,21
5035,30
5947,15
8945,30
9384,16
9246,30
7848,26
8057,7
8569,8
8245,30
9060,18
9104,5
7661,20
8709,30
5713,7
7073,30
7095,30
9203,26
9379,6
6434,20
5888,30
9764,26
10112,25
7664,14
5590,29
9105,22
5935,25
9086,30
7518,10
8774,30
8410,16
6408,20
9559,11
7266,15
7488,30
5228,30
7954,20
5620,30
6470,29
9941,21
5185,30
8463,15
5267,9
9773,10
9283,20
7868,19
7192,30
6432,16
6441,21
5052,17
8246,5
9690,29
8978,14
6047,13
9286,25
8280,28
5113,30
9583,11
6038,25
6992,30
6999,30
8714,24
7189,11
9215,12
7921,30
6324,30
7568,27
8525,20
7579,19
7012,29
8698,10
5061,30
8477,14
8890,17
8895,20
6301,30
5325,30
8806,20
9275,30
5174,20
8017,20
10006,30
7618,11
7307,30
6710,6
5471,30
6708,30
5446,30
7170,28
9798,30
8004,20
8814,21
6090,30
9124,20
9714,30
8736,30
8924,23
6268,9
6414,12
6039,16
6447,30
6139,22
8771,30
5914,28
5433,30
5184,25
6306,22
9163,25
7220,29
6299,30
6185,30
6758,20
8215,6
5502,20
7216,23
9983,30
5322,19
8263,20
5596,16
6669,17
9875,16
8786,30
9977,25
8050,17
6747,12
7658,12
9098,30
5945,5
8152,9
5051,16
8496,30
7239,25
7894,28
7883,30
7273,22
8351,29
8414,20
6062,22
9063,21
8161,10
7334,29
9194,30
9964,23
5891,10
7179,26
7585,20
7108,21
5214,22
9769,30
7603,20
8902,23
5373,20
5946,30
6752,19
5876,30
8406,30
5273,30
6598,16
8965,30
7889,17
9014,30
9053,20
7213,20
5823,9
8822,30
6230,30
7020,19
9463,25
9131,22
6575,30
7517,8
5315,15
10138,20
8085,12
5621,12
9753,24
5206,20
9585,25
9869,8
8715,30
6609,13
8330,26
8752,12
7459,11
7042,29
7477,16
5976,21
6958,30
7082,18
5886,20
6283,30
8266,17
5539,30
5328,30
8520,30
7859,28
6954,17
5536,30
10047,30
8369,20
9058,21
5785,23
7251,21
6228,21
6709,29
7902,25
7378,30
7268,19
6703,30
8287,15
5431,30
8961,20
9807,30
5132,30
9078,17
7888,29
7669,26
10097,23
7322,21
6557,19
5966,30
5990,19
7084,24
7241,19
8241,30
8495,30
5480,18
9631,10
7282,30
6843,17
7164,12
9292,8
8912,30
9193,22
8556,11
6178,12
10062,30
9746,27
7045,20
6030,29
6184,30
9386,21
6551,29
7497,10
4943,30
8728,30
6857,30
8620,20
6984,13
6854,20
10141,23
9541,20
7822,22
8611,30
9129,25
7438,30
6656,22
7483,29
6933,11
9929,30
5425,6
9456,30
9008,20
7430,5
5218,30
7816,29
9831,24
9917,30
7982,20
9510,19
5756,24
7358,30
5799,30
6677,30
6407,30
7057,24
6741,30
5893,20
7453,12
8435,21
9632,18
6323,11
5091,28
10108,30
5550,15
6267,30
5282,20
7072,30
8102,21
6886,30
8917,21
7373,19
6760,21
6810,20
5223,30
8480,30
7439,30
8384,22
6814,30
7088,19
5997,18
7005,23
7625,19
6074,30
5916,29
5934,23
9727,20
10139,23
9314,25
7824,30
5813,25
8476,22
7396,30
9125,8
8635,20
5545,30
6116,16
9328,15
5306,17
9083,14
6809,30
5444,30
9728,30
10077,30
5943,28
9310,20
5023,20
9324,18
6491,11
7807,23
8259,12
9367,22
10068,7
7830,6
9218,15
5752,24
7031,27
6582,20
9018,10
7545,21
6056,20
6158,20
7639,16
7706,23
5256,30
9349,20
5226,30
9849,10
8624,19
6657,30
10157,30
6253,14
7235,11
8381,20
7360,30
6248,14
8630,30
5856,14
6424,30
8355,30
6723,22
8114,22
6950,29
5212,23
5863,23
8295,21
8359,19
9841,30
5900,22
8505,5
9600,25
9992,12
8265,10
7789,26
9511,13
8577,21
8853,30
7140,8
9696,24
8446,30
5128,30
5298,30
6586,16
8871,23
7566,14
7036,14
7010,21
6799,20
7958,27
6533,20
8657,30
8308,21
6246,21
5501,20
9985,25
9139,23
7419,22
8373,24
9496,8
8450,25
5594,27
9824,9
9647,15
7166,21
9369,13
9495,7
7662,22
8828,25
8936,30
6966,7
9217,18
7351,17
6823,30
6356,10
9994,25
6771,20
7246,30
5793,28
10054,29
8455,19
6084,22
6868,9
6600,21
5790,7
10169,23
8571,15
6372,17
5253,30
7714,20
9250,12
9702,7
8717,30
5448,24
6289,9
6539,5
7301,17
6257,6
8191,27
5695,25
7620,7
6629,20
10066,8
5332,22
9883,28
9121,5
5033,10
5663,30
7841,13
7553,6
9760,12
9403,5
8260,14
5412,11
8537,20
8125,11
7495,5
8317,16
7185,6
8913,15
5575,24
5304,20
9319,25
6175,20
9489,20
6172,30
5481,8
9096,25
6194,30
8420,30
9301,9
9298,12
8279,5
7200,30
5170,30
8542,7
7745,21
5457,30
6560,8
6287,20
6779,10
6635,9
5560,5
9813,7
9761,30
5336,9
5150,20
9049,20
5281,30
6787,20
8793,30
6297,16
6411,30
7791,8
8489,23
8633,7
9801,7
8694,20
8459,20
9870,15
9332,20
9708,6
8117,10
5244,19
5516,24
6945,22
7462,7
5810,23
8267,21
6384,9
7421,26
5231,16
6601,5
9191,16
7698,6
8110,11
6117,10
7557,17
5667,20
5383,16
8734,24
7854,15
8491,11
6229,7
6795,7
8214,15
5030,6
8235,5
7397,30
6294,6
9889,7
5791,10
7032,15
6336,10
5585,30
8425,19
9549,7
9271,7
5168,13
6278,8
9355,7
6990,25
6837,18
8522,11
5015,11
9751,8
9262,13
6825,7
7310,10
8662,20
7278,22
6293,11
9229,11
5309,20
6239,8
5633,5
6822,21
10105,6
9428,5
6245,11
8322,16
8049,20
9645,6
5931,16
7323,5
8869,7
9928,7
5162,14
7536,9
9800,14
4966,6
9653,5
5523,6
5013,21
9704,5
9710,13
8901,5
6223,9
6258,14
10101,11
9890,6
5980,5
5920,13
9268,8
8052,6
8146,6
9454,5
