real,prompt,model,cfg_scale,steps,denoising_strength,forged1,seed1,forged2,seed2,forged3,seed3,forged4,seed4,forged5,seed5
000001.jpg,"a high-quality portrait photo of a person, , Young, , Smiling",stabilityai/stable-diffusion-2-1,9.0,100,0.35,000001_forg_945865907.png,945865907,000001_forg_85244361.png,85244361,000001_forg_258308819.png,258308819,000001_forg_108947418.png,108947418,000001_forg_374161547.png,374161547
000002.jpg,"a high-quality portrait photo of a person, , Young, , Smiling",stabilityai/stable-diffusion-2-1,9.0,100,0.35,000002_forg_16944468.png,16944468,000002_forg_1005539128.png,1005539128,000002_forg_121896204.png,121896204,000002_forg_955839054.png,955839054,000002_forg_837900499.png,837900499
000003.jpg,"a high-quality portrait photo of a person, Male, Young, , ",stabilityai/stable-diffusion-2-1,9.0,100,0.35,000003_forg_311284172.png,311284172,000003_forg_812782856.png,812782856,000003_forg_67070433.png,67070433,000003_forg_248598256.png,248598256,000003_forg_328017845.png,328017845
000004.jpg,"a high-quality portrait photo of a person, , Young, , ",stabilityai/stable-diffusion-2-1,9.0,100,0.35,000004_forg_63879504.png,63879504,000004_forg_744854630.png,744854630,000004_forg_139122862.png,139122862,000004_forg_477058207.png,477058207,000004_forg_556240041.png,556240041
000005.jpg,"a high-quality portrait photo of a person, , Young, , ",stabilityai/stable-diffusion-2-1,9.0,100,0.35,000005_forg_1040689308.png,1040689308,000005_forg_49141919.png,49141919,000005_forg_936335223.png,936335223,000005_forg_430967280.png,430967280,000005_forg_668868726.png,668868726
000006.jpg,"a high-quality portrait photo of a person, , Young, , ",stabilityai/stable-diffusion-2-1,9.0,100,0.35,000006_forg_423321620.png,423321620,000006_forg_309172288.png,309172288,000006_forg_935199608.png,935199608,000006_forg_1031188916.png,1031188916,000006_forg_788277381.png,788277381
000007.jpg,"a high-quality portrait photo of a person, Male, Young, Black Hair, ",stabilityai/stable-diffusion-2-1,9.0,100,0.35,000007_forg_405799922.png,405799922,000007_forg_481729855.png,481729855,000007_forg_88966263.png,88966263,000007_forg_125840371.png,125840371,000007_forg_205048614.png,205048614
000008.jpg,"a high-quality portrait photo of a person, Male, Young, Black Hair, ",stabilityai/stable-diffusion-2-1,9.0,100,0.35,000008_forg_845758881.png,845758881,000008_forg_541053265.png,541053265,000008_forg_609102215.png,609102215,000008_forg_791698567.png,791698567,000008_forg_1023261801.png,1023261801
000009.jpg,"a high-quality portrait photo of a person, , Young, , Smiling",stabilityai/stable-diffusion-2-1,9.0,100,0.35,000009_forg_282913265.png,282913265,000009_forg_651304645.png,651304645,000009_forg_342598795.png,342598795,000009_forg_368718978.png,368718978,000009_forg_1015852595.png,1015852595
000010.jpg,"a high-quality portrait photo of a person, , Young, , ",stabilityai/stable-diffusion-2-1,9.0,100,0.35,000010_forg_925536900.png,925536900,000010_forg_396433984.png,396433984,000010_forg_996864028.png,996864028,000010_forg_868451534.png,868451534,000010_forg_181732959.png,181732959
000011.jpg,"a high-quality portrait photo of a person, , Young, Black Hair, Smiling",stabilityai/stable-diffusion-2-1,9.0,100,0.35,000011_forg_223260413.png,223260413,000011_forg_116355297.png,116355297,000011_forg_388400685.png,388400685,000011_forg_165836334.png,165836334,000011_forg_459868892.png,459868892
000012.jpg,"a high-quality portrait photo of a person, Male, Young, Black Hair, Smiling",stabilityai/stable-diffusion-2-1,9.0,100,0.35,000012_forg_235845906.png,235845906,000012_forg_502715519.png,502715519,000012_forg_447176644.png,447176644,000012_forg_927899802.png,927899802,000012_forg_147630800.png,147630800
000013.jpg,"a high-quality portrait photo of a person, Male, Young, , Smiling",stabilityai/stable-diffusion-2-1,9.0,100,0.35,000013_forg_253616633.png,253616633,000013_forg_102752004.png,102752004,000013_forg_1011586714.png,1011586714,000013_forg_239546612.png,239546612,000013_forg_725802471.png,725802471
000014.jpg,"a high-quality portrait photo of a person, , Young, Black Hair, Smiling",stabilityai/stable-diffusion-2-1,9.0,100,0.35,000014_forg_1063782807.png,1063782807,000014_forg_850767374.png,850767374,000014_forg_641254116.png,641254116,000014_forg_647520574.png,647520574,000014_forg_27888149.png,27888149
000015.jpg,"a high-quality portrait photo of a person, Male, , , ",stabilityai/stable-diffusion-2-1,9.0,100,0.35,000015_forg_913496082.png,913496082,000015_forg_461555196.png,461555196,000015_forg_148750860.png,148750860,000015_forg_627593199.png,627593199,000015_forg_254347867.png,254347867
000016.jpg,"a high-quality portrait photo of a person, Male, Young, , Smiling",stabilityai/stable-diffusion-2-1,9.0,100,0.35,000016_forg_1045649580.png,1045649580,000016_forg_857325813.png,857325813,000016_forg_709131512.png,709131512,000016_forg_171222644.png,171222644,000016_forg_579576034.png,579576034
000017.jpg,"a high-quality portrait photo of a person, , Young, Black Hair, Smiling",stabilityai/stable-diffusion-2-1,9.0,100,0.35,000017_forg_540025383.png,540025383,000017_forg_377222949.png,377222949,000017_forg_424346470.png,424346470,000017_forg_452111160.png,452111160,000017_forg_1069135288.png,1069135288
000018.jpg,"a high-quality portrait photo of a person, , , , Smiling",stabilityai/stable-diffusion-2-1,9.0,100,0.35,000018_forg_256353773.png,256353773,000018_forg_445012522.png,445012522,000018_forg_87680105.png,87680105,000018_forg_196347835.png,196347835,000018_forg_264113034.png,264113034
000019.jpg,"a high-quality portrait photo of a person, , Young, , ",stabilityai/stable-diffusion-2-1,9.0,100,0.35,000019_forg_339254147.png,339254147,000019_forg_1028945893.png,1028945893,000019_forg_812865874.png,812865874,000019_forg_196513204.png,196513204,000019_forg_136600941.png,136600941
000020.jpg,"a high-quality portrait photo of a person, Male, Young, Black Hair, ",stabilityai/stable-diffusion-2-1,9.0,100,0.35,000020_forg_142737144.png,142737144,000020_forg_943442563.png,943442563,000020_forg_1068977382.png,1068977382,000020_forg_403881092.png,403881092,000020_forg_591107704.png,591107704
000021.jpg,"a high-quality portrait photo of a person, Male, , , Smiling",stabilityai/stable-diffusion-2-1,9.0,100,0.35,000021_forg_889805926.png,889805926,000021_forg_797815949.png,797815949,000021_forg_79671986.png,79671986,000021_forg_499799852.png,499799852,000021_forg_815611146.png,815611146
000022.jpg,"a high-quality portrait photo of a person, , Young, , ",stabilityai/stable-diffusion-2-1,9.0,100,0.35,000022_forg_162718291.png,162718291,000022_forg_477794301.png,477794301,000022_forg_98991712.png,98991712,000022_forg_505663282.png,505663282,000022_forg_147649450.png,147649450
000023.jpg,"a high-quality portrait photo of a person, Male, Young, , Smiling",stabilityai/stable-diffusion-2-1,9.0,100,0.35,000023_forg_76601467.png,76601467,000023_forg_885292105.png,885292105,000023_forg_779263894.png,779263894,000023_forg_320535412.png,320535412,000023_forg_601540037.png,601540037
000024.jpg,"a high-quality portrait photo of a person, , Young, , ",stabilityai/stable-diffusion-2-1,9.0,100,0.35,000024_forg_248414999.png,248414999,000024_forg_754129684.png,754129684,000024_forg_890573967.png,890573967,000024_forg_794535818.png,794535818,000024_forg_6898307.png,6898307
000025.jpg,"a high-quality portrait photo of a person, Male, Young, , ",stabilityai/stable-diffusion-2-1,9.0,100,0.35,000025_forg_989153941.png,989153941,000025_forg_146951065.png,146951065,000025_forg_669816224.png,669816224,000025_forg_668360477.png,668360477,000025_forg_585259357.png,585259357
000026.jpg,"a high-quality portrait photo of a person, , Young, , ",stabilityai/stable-diffusion-2-1,9.0,100,0.35,000026_forg_307738089.png,307738089,000026_forg_429585191.png,429585191,000026_forg_342999608.png,342999608,000026_forg_383588937.png,383588937,000026_forg_294775291.png,294775291
000027.jpg,"a high-quality portrait photo of a person, , Young, Black Hair, Smiling",stabilityai/stable-diffusion-2-1,9.0,100,0.35,000027_forg_453628030.png,453628030,000027_forg_136866892.png,136866892,000027_forg_566513523.png,566513523,000027_forg_459882313.png,459882313,000027_forg_840656544.png,840656544
000028.jpg,"a high-quality portrait photo of a person, , Young, , Smiling",stabilityai/stable-diffusion-2-1,9.0,100,0.35,000028_forg_975166433.png,975166433,000028_forg_28756815.png,28756815,000028_forg_373691800.png,373691800,000028_forg_947619729.png,947619729,000028_forg_142220847.png,142220847
000029.jpg,"a high-quality portrait photo of a person, , Young, , Smiling",stabilityai/stable-diffusion-2-1,9.0,100,0.35,000029_forg_324757139.png,324757139,000029_forg_14449747.png,14449747,000029_forg_481714046.png,481714046,000029_forg_552775788.png,552775788,000029_forg_1012054540.png,1012054540
000030.jpg,"a high-quality portrait photo of a person, Male, , , ",stabilityai/stable-diffusion-2-1,9.0,100,0.35,000030_forg_870475224.png,870475224,000030_forg_345723860.png,345723860,000030_forg_326579402.png,326579402,000030_forg_919518426.png,919518426,000030_forg_1001311763.png,1001311763
000031.jpg,"a high-quality portrait photo of a person, , Young, , Smiling",stabilityai/stable-diffusion-2-1,9.0,100,0.35,000031_forg_893157366.png,893157366,000031_forg_956026996.png,956026996,000031_forg_501942006.png,501942006,000031_forg_680267853.png,680267853,000031_forg_324288048.png,324288048
000032.jpg,"a high-quality portrait photo of a person, Male, , , ",stabilityai/stable-diffusion-2-1,9.0,100,0.35,000032_forg_521804962.png,521804962,000032_forg_901945422.png,901945422,000032_forg_992927216.png,992927216,000032_forg_439290553.png,439290553,000032_forg_588054849.png,588054849
000033.jpg,"a high-quality portrait photo of a person, Male, Young, Black Hair, Smiling",stabilityai/stable-diffusion-2-1,9.0,100,0.35,000033_forg_623578957.png,623578957,000033_forg_817173759.png,817173759,000033_forg_354714397.png,354714397,000033_forg_655820632.png,655820632,000033_forg_928310638.png,928310638
000034.jpg,"a high-quality portrait photo of a person, , Young, , ",stabilityai/stable-diffusion-2-1,9.0,100,0.35,000034_forg_295952604.png,295952604,000034_forg_45220736.png,45220736,000034_forg_604980030.png,604980030,000034_forg_47296413.png,47296413,000034_forg_796190120.png,796190120
000035.jpg,"a high-quality portrait photo of a person, , Young, Black Hair, ",stabilityai/stable-diffusion-2-1,9.0,100,0.35,000035_forg_650128421.png,650128421,000035_forg_70970638.png,70970638,000035_forg_638803185.png,638803185,000035_forg_580820074.png,580820074,000035_forg_142753135.png,142753135
000036.jpg,"a high-quality portrait photo of a person, Male, Young, Black Hair, ",stabilityai/stable-diffusion-2-1,9.0,100,0.35,000036_forg_952921571.png,952921571,000036_forg_780475358.png,780475358,000036_forg_678988140.png,678988140,000036_forg_503853818.png,503853818,000036_forg_813291322.png,813291322
000037.jpg,"a high-quality portrait photo of a person, Male, Young, , ",stabilityai/stable-diffusion-2-1,9.0,100,0.35,000037_forg_843983004.png,843983004,000037_forg_316024103.png,316024103,000037_forg_106368660.png,106368660,000037_forg_140073717.png,140073717,000037_forg_300146382.png,300146382
000038.jpg,"a high-quality portrait photo of a person, Male, Young, , Smiling",stabilityai/stable-diffusion-2-1,9.0,100,0.35,000038_forg_807803836.png,807803836,000038_forg_57943531.png,57943531,000038_forg_1059076114.png,1059076114,000038_forg_541596012.png,541596012,000038_forg_688374055.png,688374055
000039.jpg,"a high-quality portrait photo of a person, , Young, , Smiling",stabilityai/stable-diffusion-2-1,9.0,100,0.35,000039_forg_345296309.png,345296309,000039_forg_931747921.png,931747921,000039_forg_642166357.png,642166357,000039_forg_405597134.png,405597134,000039_forg_369347244.png,369347244
000040.jpg,"a high-quality portrait photo of a person, , Young, Black Hair, ",stabilityai/stable-diffusion-2-1,9.0,100,0.35,000040_forg_437972494.png,437972494,000040_forg_2655315.png,2655315,000040_forg_931729092.png,931729092,000040_forg_510285166.png,510285166,000040_forg_262517334.png,262517334
000041.jpg,"a high-quality portrait photo of a person, Male, Young, Black Hair, Smiling",stabilityai/stable-diffusion-2-1,9.0,100,0.35,000041_forg_958683003.png,958683003,000041_forg_799906207.png,799906207,000041_forg_767583665.png,767583665,000041_forg_20979868.png,20979868,000041_forg_195643577.png,195643577
000042.jpg,"a high-quality portrait photo of a person, , Young, , Smiling",stabilityai/stable-diffusion-2-1,9.0,100,0.35,000042_forg_979144776.png,979144776,000042_forg_909403426.png,909403426,000042_forg_597349311.png,597349311,000042_forg_714666478.png,714666478,000042_forg_583406400.png,583406400
000043.jpg,"a high-quality portrait photo of a person, , Young, , Smiling",stabilityai/stable-diffusion-2-1,9.0,100,0.35,000043_forg_709831565.png,709831565,000043_forg_880800925.png,880800925,000043_forg_221457086.png,221457086,000043_forg_815971227.png,815971227,000043_forg_560003047.png,560003047
000044.jpg,"a high-quality portrait photo of a person, , Young, Black Hair, ",stabilityai/stable-diffusion-2-1,9.0,100,0.35,000044_forg_892489585.png,892489585,000044_forg_921314561.png,921314561,000044_forg_53092966.png,53092966,000044_forg_1064950007.png,1064950007,000044_forg_830470831.png,830470831
000045.jpg,"a high-quality portrait photo of a person, , Young, , Smiling",stabilityai/stable-diffusion-2-1,9.0,100,0.35,000045_forg_992148787.png,992148787,000045_forg_498689781.png,498689781,000045_forg_104372992.png,104372992,000045_forg_264964656.png,264964656,000045_forg_384507369.png,384507369
000046.jpg,"a high-quality portrait photo of a person, , Young, Black Hair, Smiling",stabilityai/stable-diffusion-2-1,9.0,100,0.35,000046_forg_59239052.png,59239052,000046_forg_924771595.png,924771595,000046_forg_43975332.png,43975332,000046_forg_902007809.png,902007809,000046_forg_666161570.png,666161570
000047.jpg,"a high-quality portrait photo of a person, , Young, Black Hair, Smiling",stabilityai/stable-diffusion-2-1,9.0,100,0.35,000047_forg_200995858.png,200995858,000047_forg_365711008.png,365711008,000047_forg_586737731.png,586737731,000047_forg_215839050.png,215839050,000047_forg_221392862.png,221392862
000048.jpg,"a high-quality portrait photo of a person, Male, Young, , ",stabilityai/stable-diffusion-2-1,9.0,100,0.35,000048_forg_349303713.png,349303713,000048_forg_956057616.png,956057616,000048_forg_881700601.png,881700601,000048_forg_862795780.png,862795780,000048_forg_5095995.png,5095995
000049.jpg,"a high-quality portrait photo of a person, Male, , Black Hair, ",stabilityai/stable-diffusion-2-1,9.0,100,0.35,000049_forg_178873937.png,178873937,000049_forg_859520017.png,859520017,000049_forg_469957175.png,469957175,000049_forg_347759111.png,347759111,000049_forg_76746136.png,76746136
000050.jpg,"a high-quality portrait photo of a person, Male, Young, Black Hair, Smiling",stabilityai/stable-diffusion-2-1,9.0,100,0.35,000050_forg_682207826.png,682207826,000050_forg_251180947.png,251180947,000050_forg_953972475.png,953972475,000050_forg_565314801.png,565314801,000050_forg_313098989.png,313098989
